Summary,ID,ptLTL,Generated ptLTL,Equivalence Check
1/1,The system shall ensure that whenever StandbyMode is active; ventilationOff remains true and ventilationParamsAdjustable remains true at all times. This requirement applies continuously throughout the operation of the medical ventilator.,(H (StandbyMode -> (ventilationOff & ventilationParamsAdjustable))),H (StandbyMode → (ventilationOff ∧ ventilationParamsAdjustable)),True
1/2,Whenever the system transitions from RM being inactive to RM becoming active; the control logic shall ensure that the previous activation of RMButton and the corresponding release sequence are consistent with the expected expirationPhaseStart behavior. Specifically; if RMButton was not pressed and then later pressed or if RM was active while it had previously been inactive; the system shall either initiate expirationPhaseStart when RM is inactive or maintain the condition that RM was previously inactive when RM is active. This relationship shall hold continuously throughout operation so that any change in RM or RMButton state preserves the correct timing and sequencing of expirationPhaseStart. This requirement applies to all historical and ongoing states of the automation system; ensuring that the robot’s mode transitions and button interactions always follow the defined safety and timing constraints.,((H (((! RM) & (Y RM)) -> (Y (((Y ((! RMButton) & ((Y RMButton) | (RM & (Z (! RM)))))) -> (((! RM) & expirationPhaseStart) | (RM & (Z (! RM))))) S (((Y ((! RMButton) & ((Y RMButton) | (RM & (Z (! RM)))))) -> (((! RM) & expirationPhaseStart) | (RM & (Z (! RM))))) & (RM & (Z (! RM)))))))) & (((! ((! RM) & (Y RM))) S ((! ((! RM) & (Y RM))) & (RM & (Z (! RM))))) -> (((Y ((! RMButton) & ((Y RMButton) | (RM & (Z (! RM)))))) -> (((! RM) & expirationPhaseStart) | (RM & (Z (! RM))))) S (((Y ((! RMButton) & ((Y RMButton) | (RM & (Z (! RM)))))) -> (((! RM) & expirationPhaseStart) | (RM & (Z (! RM))))) & (RM & (Z (! RM))))))),H(((¬Y(RM) ∧ RM) → ((O(¬RMButton ∧ RMButton)) → (¬RM → expirationPhaseStart)) ∧ (RM → Y(¬RM)))),False
2/3,Whenever PCVMode is active the system shall ensure that inspiratoryTime equals 60 multiplied by the ratio of ItoE_PCV to the product of RR_PCV and one plus ItoE_PCV. This relationship shall always hold for the ventilator control software to maintain correct timing of the pressure control ventilation cycle.,(H (PCVMode -> (inspiratoryTime = (60 * (ItoE_PCV / (RR_PCV * (1 + ItoE_PCV))))))),H(PCVMode → inspiratoryTime = 60 * (ItoE_PCV / (RR_PCV * (1 + ItoE_PCV)))),True
2/4,When the ventilator is operating in PCVMode or PSVMode and the operator presses the expiratoryPauseButton during the expiratory phase; the system shall initiate an expiratoryPause and shall close both the inValveClose and outValveClose for the duration of the pause. The expiratoryPauseButton shall only have this effect if it is newly pressed after previously being released. Once the expiratoryPauseButton is released; the system shall resume normal expiratory operation and reopen the valves as required. This behavior shall be consistent every time the expiratoryPauseButton is pressed during PCVMode or PSVMode.,((H (((! ((PCVMode | PSVMode) & expiratoryPauseButton)) & (Y ((PCVMode | PSVMode) & expiratoryPauseButton))) -> (Y (((Y (expiratoryPhaseEnd & ((Y (! expiratoryPhaseEnd)) | (((PCVMode | PSVMode) & expiratoryPauseButton) & (Z (! ((PCVMode | PSVMode) & expiratoryPauseButton))))))) -> ((expiratoryPauseButton -> ((expiratoryPause & inValveClose) & outValveClose)) | (((PCVMode | PSVMode) & expiratoryPauseButton) & (Z (! ((PCVMode | PSVMode) & expiratoryPauseButton)))))) S (((Y (expiratoryPhaseEnd & ((Y (! expiratoryPhaseEnd)) | (((PCVMode | PSVMode) & expiratoryPauseButton) & (Z (! ((PCVMode | PSVMode) & expiratoryPauseButton))))))) -> ((expiratoryPauseButton -> ((expiratoryPause & inValveClose) & outValveClose)) | (((PCVMode | PSVMode) & expiratoryPauseButton) & (Z (! ((PCVMode | PSVMode) & expiratoryPauseButton)))))) & (((PCVMode | PSVMode) & expiratoryPauseButton) & (Z (! ((PCVMode | PSVMode) & expiratoryPauseButton))))))))) & (((! ((! ((PCVMode | PSVMode) & expiratoryPauseButton)) & (Y ((PCVMode | PSVMode) & expiratoryPauseButton)))) S ((! ((! ((PCVMode | PSVMode) & expiratoryPauseButton)) & (Y ((PCVMode | PSVMode) & expiratoryPauseButton)))) & (((PCVMode | PSVMode) & expiratoryPauseButton) & (Z (! ((PCVMode | PSVMode) & expiratoryPauseButton)))))) -> (((Y (expiratoryPhaseEnd & ((Y (! expiratoryPhaseEnd)) | (((PCVMode | PSVMode) & expiratoryPauseButton) & (Z (! ((PCVMode | PSVMode) & expiratoryPauseButton))))))) -> ((expiratoryPauseButton -> ((expiratoryPause & inValveClose) & outValveClose)) | (((PCVMode | PSVMode) & expiratoryPauseButton) & (Z (! ((PCVMode | PSVMode) & expiratoryPauseButton)))))) S (((Y (expiratoryPhaseEnd & ((Y (! expiratoryPhaseEnd)) | (((PCVMode | PSVMode) & expiratoryPauseButton) & (Z (! ((PCVMode | PSVMode) & expiratoryPauseButton))))))) -> ((expiratoryPauseButton -> ((expiratoryPause & inValveClose) & outValveClose)) | (((PCVMode | PSVMode) & expiratoryPauseButton) & (Z (! ((PCVMode | PSVMode) & expiratoryPauseButton)))))) & (((PCVMode | PSVMode) & expiratoryPauseButton) & (Z (! ((PCVMode | PSVMode) & expiratoryPauseButton)))))))),H(((PCVMode ∨ PSVMode) ∧ expiratoryPhase ∧ expiratoryPauseButton ∧ ¬Y(expiratoryPauseButton)) → (expiratoryPause ∧ inValveClose ∧ outValveClose ∧ ((expiratoryPause S expiratoryPauseButton) → (inValveClose ∧ outValveClose)) ∧ (¬expiratoryPauseButton → ¬expiratoryPause))),False
2/5,Whenever the ventilator transitions into PSVMode from a previous state where PSVMode was not active the system shall ensure that if stopVentilation was recently active and then became inactive or if PSVMode is active following a period when it was not active then the ventilator shall either enter StandbyMode or remain in PSVMode after having previously been inactive. This behavior shall hold continuously throughout operation so that any time the ventilator switches into PSVMode the required response involving stopVentilation StandbyMode and PSVMode occurs in the correct sequence.,((H (((! PSVMode) & (Y PSVMode)) -> (Y (((Y (stopVentilation & ((Y (! stopVentilation)) | (PSVMode & (Z (! PSVMode)))))) -> (StandbyMode | (PSVMode & (Z (! PSVMode))))) S (((Y (stopVentilation & ((Y (! stopVentilation)) | (PSVMode & (Z (! PSVMode)))))) -> (StandbyMode | (PSVMode & (Z (! PSVMode))))) & (PSVMode & (Z (! PSVMode)))))))) & (((! ((! PSVMode) & (Y PSVMode))) S ((! ((! PSVMode) & (Y PSVMode))) & (PSVMode & (Z (! PSVMode))))) -> (((Y (stopVentilation & ((Y (! stopVentilation)) | (PSVMode & (Z (! PSVMode)))))) -> (StandbyMode | (PSVMode & (Z (! PSVMode))))) S (((Y (stopVentilation & ((Y (! stopVentilation)) | (PSVMode & (Z (! PSVMode)))))) -> (StandbyMode | (PSVMode & (Z (! PSVMode))))) & (PSVMode & (Z (! PSVMode))))))),H((¬Y(PSVMode) ∧ PSVMode) → (((O(stopVentilation ∧ ¬Y(stopVentilation))) ∨ (PSVMode ∧ O(¬PSVMode))) → (StandbyMode ∨ (PSVMode ∧ O(¬PSVMode))))),False
2/6,Whenever the ventilator switches from PCVMode to another mode; the system must ensure that PSVModeSelected does not become active until PCVMode has been fully exited and all related transitions are complete. If PSVModeSelected is activated; the system must confirmPSVParameters before allowing the ventilator to operate in PSVMode. The requirement guarantees that the ventilator never changes directly from PCVMode to PSVModeSelected without first confirming the PSV parameters and completing the PCVMode shutdown sequence.,((H (((! PCVMode) & (Y PCVMode)) -> (Y (((! PSVModeSelected) S ((! PSVModeSelected) & (PCVMode & (Z (! PCVMode))))) | (! ((! confirmPSVParameters) S ((! confirmPSVParameters) & (PSVModeSelected & ((Y (! PSVModeSelected)) | (PCVMode & (Z (! PCVMode)))))))))))) & (((! ((! PCVMode) & (Y PCVMode))) S ((! ((! PCVMode) & (Y PCVMode))) & (PCVMode & (Z (! PCVMode))))) -> (((! PSVModeSelected) S ((! PSVModeSelected) & (PCVMode & (Z (! PCVMode))))) | (! ((! confirmPSVParameters) S ((! confirmPSVParameters) & (PSVModeSelected & ((Y (! PSVModeSelected)) | (PCVMode & (Z (! PCVMode))))))))))),H((Y(PCVMode) & ¬PCVMode) → (¬PSVModeSelected S (confirmPSVParameters & ¬PCVMode))),False
3/7,At all times; if PCVMode is active; then the ventilator shall ensure that it is ventilating and either confirmPSVParameters is active together with PSVMode; or confirmPSVParameters is not active together with PCVMode.,(H (PCVMode -> (((confirmPSVParameters & PSVMode) | (! (confirmPSVParameters & PCVMode))) & ventilating))),H(PCVMode → (ventilating ∧ ((confirmPSVParameters ∧ PSVMode) ∨ (¬confirmPSVParameters ∧ PCVMode)))),True
4/8,At all times; if the system is operating in StartUpMode or in SelfTestMode; then patientConnected must remain false; ensuring that no patient is connected during these modes.,(H ((StartUpMode | SelfTestMode) -> (! patientConnected))),H((StartUpMode ∨ SelfTestMode) → ¬patientConnected),True
4/9,Whenever the aircraft control computer transitions from StartUpMode to normal operation the system shall ensure that checkCommsGUI has been active continuously since the moment StartUpMode was first entered until the transition out of StartUpMode is complete. In other words once the aircraft enters StartUpMode the communication interface checkCommsGUI must remain operational and must not be inactive at any time during the entire startup sequence until StartUpMode ends.,((H (((! StartUpMode) & (Y StartUpMode)) -> (Y (! ((! checkCommsGUI) S ((! checkCommsGUI) & (StartUpMode & (Z (! StartUpMode))))))))) & (((! ((! StartUpMode) & (Y StartUpMode))) S ((! ((! StartUpMode) & (Y StartUpMode))) & (StartUpMode & (Z (! StartUpMode))))) -> (! ((! checkCommsGUI) S ((! checkCommsGUI) & (StartUpMode & (Z (! StartUpMode)))))))),H((Y(StartUpMode) & ¬StartUpMode) → (StartUpMode S checkCommsGUI)),False
4/10,The ventilator shall ensure that whenever inspiratoryPhase is active; outValveClose is true; and the following conditions hold:   If PCVMode is active and apnea is not present; then P_insp shall be equal to P_inspPCV.   If PSVMode is active; then P_insp shall be equal to P_inspPSV.   If PCVMode is active and apnea is present; then P_insp shall be equal to P_inspAP.   This behavior shall be maintained at all times during operation.,(H (inspiratoryPhase -> (((outValveClose & ((PCVMode & (! apnea)) -> (P_insp = P_inspPCV))) & (PSVMode -> (P_insp = P_inspPSV))) & ((PCVMode & apnea) -> (P_insp = P_inspAP))))),H((inspiratoryPhase ∧ outValveClose) → (((PCVMode ∧ ¬apnea) → (P_insp = P_inspPCV)) ∧ (PSVMode → (P_insp = P_inspPSV)) ∧ ((PCVMode ∧ apnea) → (P_insp = P_inspAP)))),False
4/11,When the ventilator is operating in PCVMode and the RMButton has just been pressed after previously being inactive the system shall ensure that during the next inspiratoryPhaseEnd event either RM is active or the condition (PCVMode and RMButton) remains true until the RMButton is released. This behavior shall hold consistently for every occurrence of PCVMode and RMButton activation so that each time the operator initiates recruitment maneuver mode the ventilator maintains RM or the combined PCVMode and RMButton state until the maneuver is properly completed and the RMButton is released.,((H (((! (PCVMode & RMButton)) & (Y (PCVMode & RMButton))) -> (Y (((Y (inspiratoryPhaseEnd & ((Y (! inspiratoryPhaseEnd)) | ((PCVMode & RMButton) & (Z (! (PCVMode & RMButton))))))) -> (RM | ((PCVMode & RMButton) & (Z (! (PCVMode & RMButton)))))) S (((Y (inspiratoryPhaseEnd & ((Y (! inspiratoryPhaseEnd)) | ((PCVMode & RMButton) & (Z (! (PCVMode & RMButton))))))) -> (RM | ((PCVMode & RMButton) & (Z (! (PCVMode & RMButton)))))) & ((PCVMode & RMButton) & (Z (! (PCVMode & RMButton))))))))) & (((! ((! (PCVMode & RMButton)) & (Y (PCVMode & RMButton)))) S ((! ((! (PCVMode & RMButton)) & (Y (PCVMode & RMButton)))) & ((PCVMode & RMButton) & (Z (! (PCVMode & RMButton)))))) -> (((Y (inspiratoryPhaseEnd & ((Y (! inspiratoryPhaseEnd)) | ((PCVMode & RMButton) & (Z (! (PCVMode & RMButton))))))) -> (RM | ((PCVMode & RMButton) & (Z (! (PCVMode & RMButton)))))) S (((Y (inspiratoryPhaseEnd & ((Y (! inspiratoryPhaseEnd)) | ((PCVMode & RMButton) & (Z (! (PCVMode & RMButton))))))) -> (RM | ((PCVMode & RMButton) & (Z (! (PCVMode & RMButton)))))) & ((PCVMode & RMButton) & (Z (! (PCVMode & RMButton)))))))),H(((PCVMode ∧ RMButton ∧ Y(¬RMButton)) → ((RM ∨ (PCVMode ∧ RMButton)) S (inspiratoryPhaseEnd ∧ ¬RMButton)))),False
4/12,When the aircraft control computer enters SelfTestMode from a non‑test state the system shall ensure that during the entire period of SelfTestMode the testPSExpPass testPSExpFail or testPSExpSkip indicators are continuously active until SelfTestMode ends. If the system has not just entered SelfTestMode then this condition shall still hold so that at no time during SelfTestMode is there a period when none of testPSExpPass testPSExpFail or testPSExpSkip are active.,((H (((! SelfTestMode) & (Y SelfTestMode)) -> (Y (! ((! ((testPSExpPass | testPSExpFail) | testPSExpSkip)) S ((! ((testPSExpPass | testPSExpFail) | testPSExpSkip)) & (SelfTestMode & (Z (! SelfTestMode))))))))) & (((! ((! SelfTestMode) & (Y SelfTestMode))) S ((! ((! SelfTestMode) & (Y SelfTestMode))) & (SelfTestMode & (Z (! SelfTestMode))))) -> (! ((! ((testPSExpPass | testPSExpFail) | testPSExpSkip)) S ((! ((testPSExpPass | testPSExpFail) | testPSExpSkip)) & (SelfTestMode & (Z (! SelfTestMode)))))))),H( SelfTestMode → (testPSExpPass ∨ testPSExpFail ∨ testPSExpSkip) ),False
4/13,If at any time alarmSettingsChanged becomes true after previously being false then the system shall record this event by setting logAlarmSettings to true unless there is no earlier system history available. This requirement ensures that every change in the alarm configuration of the autonomous drone is properly logged whenever such a change occurs.,(H ((Y (alarmSettingsChanged & (Z (! alarmSettingsChanged)))) -> (logAlarmSettings | (! (Y TRUE))))),(H(alarmSettingsChanged → (Y(¬alarmSettingsChanged) → logAlarmSettings))),False
4/14,Whenever the ventilator switches from PCVMode to another mode the system shall ensure that any previous inspiratoryPhaseEnd event that occurred while PSVModeSelected was active leads to the ventilator continuing to operate in either ventilating and PSVMode or returning to PCVMode until PCVMode has been fully exited. The system shall maintain this behavior consistently throughout operation so that transitions between PCVMode and PSVMode preserve correct ventilation control and no phase change occurs without the ventilator being in a valid mode.,((H (((! PCVMode) & (Y PCVMode)) -> (Y (((Y ((inspiratoryPhaseEnd & PSVModeSelected) & ((Y (! (inspiratoryPhaseEnd & PSVModeSelected))) | (PCVMode & (Z (! PCVMode)))))) -> ((ventilating & PSVMode) | (PCVMode & (Z (! PCVMode))))) S (((Y ((inspiratoryPhaseEnd & PSVModeSelected) & ((Y (! (inspiratoryPhaseEnd & PSVModeSelected))) | (PCVMode & (Z (! PCVMode)))))) -> ((ventilating & PSVMode) | (PCVMode & (Z (! PCVMode))))) & (PCVMode & (Z (! PCVMode)))))))) & (((! ((! PCVMode) & (Y PCVMode))) S ((! ((! PCVMode) & (Y PCVMode))) & (PCVMode & (Z (! PCVMode))))) -> (((Y ((inspiratoryPhaseEnd & PSVModeSelected) & ((Y (! (inspiratoryPhaseEnd & PSVModeSelected))) | (PCVMode & (Z (! PCVMode)))))) -> ((ventilating & PSVMode) | (PCVMode & (Z (! PCVMode))))) S (((Y ((inspiratoryPhaseEnd & PSVModeSelected) & ((Y (! (inspiratoryPhaseEnd & PSVModeSelected))) | (PCVMode & (Z (! PCVMode)))))) -> ((ventilating & PSVMode) | (PCVMode & (Z (! PCVMode))))) & (PCVMode & (Z (! PCVMode))))))),H(((PCVMode ∧ ¬Y(PCVMode)) → H(((inspiratoryPhaseEnd ∧ PSVModeSelected) → O((ventilating ∧ PSVMode) ∨ PCVMode))))),False
4/15,Whenever the ventilator operates in PCVMode or PSVMode and the inspiratoryPauseButton is pressed after previously being released the system shall ensure that the inspiratoryPause is active and both inValveClose and outValveClose are engaged during the pause. This condition shall hold from the moment the inspiratoryPauseButton is pressed until it is released again. The requirement applies only within the inspiratory phase and after the inspiratoryPhaseEnd signal has not yet occurred. If the inspiratoryPauseButton is not pressed or the ventilator is not in PCVMode or PSVMode the system shall not enforce the inspiratoryPause or valve closure.,((H (((! ((PCVMode | PSVMode) & inspiratoryPauseButton)) & (Y ((PCVMode | PSVMode) & inspiratoryPauseButton))) -> (Y (((Y (inspiratoryPhaseEnd & ((Y (! inspiratoryPhaseEnd)) | (((PCVMode | PSVMode) & inspiratoryPauseButton) & (Z (! ((PCVMode | PSVMode) & inspiratoryPauseButton))))))) -> ((inspiratoryPauseButton -> ((inspiratoryPause & inValveClose) & outValveClose)) | (((PCVMode | PSVMode) & inspiratoryPauseButton) & (Z (! ((PCVMode | PSVMode) & inspiratoryPauseButton)))))) S (((Y (inspiratoryPhaseEnd & ((Y (! inspiratoryPhaseEnd)) | (((PCVMode | PSVMode) & inspiratoryPauseButton) & (Z (! ((PCVMode | PSVMode) & inspiratoryPauseButton))))))) -> ((inspiratoryPauseButton -> ((inspiratoryPause & inValveClose) & outValveClose)) | (((PCVMode | PSVMode) & inspiratoryPauseButton) & (Z (! ((PCVMode | PSVMode) & inspiratoryPauseButton)))))) & (((PCVMode | PSVMode) & inspiratoryPauseButton) & (Z (! ((PCVMode | PSVMode) & inspiratoryPauseButton))))))))) & (((! ((! ((PCVMode | PSVMode) & inspiratoryPauseButton)) & (Y ((PCVMode | PSVMode) & inspiratoryPauseButton)))) S ((! ((! ((PCVMode | PSVMode) & inspiratoryPauseButton)) & (Y ((PCVMode | PSVMode) & inspiratoryPauseButton)))) & (((PCVMode | PSVMode) & inspiratoryPauseButton) & (Z (! ((PCVMode | PSVMode) & inspiratoryPauseButton)))))) -> (((Y (inspiratoryPhaseEnd & ((Y (! inspiratoryPhaseEnd)) | (((PCVMode | PSVMode) & inspiratoryPauseButton) & (Z (! ((PCVMode | PSVMode) & inspiratoryPauseButton))))))) -> ((inspiratoryPauseButton -> ((inspiratoryPause & inValveClose) & outValveClose)) | (((PCVMode | PSVMode) & inspiratoryPauseButton) & (Z (! ((PCVMode | PSVMode) & inspiratoryPauseButton)))))) S (((Y (inspiratoryPhaseEnd & ((Y (! inspiratoryPhaseEnd)) | (((PCVMode | PSVMode) & inspiratoryPauseButton) & (Z (! ((PCVMode | PSVMode) & inspiratoryPauseButton))))))) -> ((inspiratoryPauseButton -> ((inspiratoryPause & inValveClose) & outValveClose)) | (((PCVMode | PSVMode) & inspiratoryPauseButton) & (Z (! ((PCVMode | PSVMode) & inspiratoryPauseButton)))))) & (((PCVMode | PSVMode) & inspiratoryPauseButton) & (Z (! ((PCVMode | PSVMode) & inspiratoryPauseButton)))))))),H(((inspiratoryPhase ∧ ¬inspiratoryPhaseEnd ∧ (PCVMode ∨ PSVMode) ∧ inspiratoryPauseButton ∧ O(¬inspiratoryPauseButton)) → (inspiratoryPause ∧ inValveClose ∧ outValveClose)) S (¬inspiratoryPauseButton)),False
5/16,Whenever the system operates in PCVMode the controller shall ensure that breathingCycleTime equals one divided by RR_PCV and that ExpiratoryTime equals breathingCycleTime divided by one plus ItoE_PCV.,(H (PCVMode -> ((breathingCycleTime = (1 / RR_PCV)) & (ExpiratoryTime = (breathingCycleTime / (1 + ItoE_PCV)))))),H(PCVMode → (breathingCycleTime = 1/RR_PCV ∧ ExpiratoryTime = breathingCycleTime/(1 + ItoE_PCV))),True
5/17,The ventilator control software shall ensure that whenever PCVMode is active; each time a breathingCycleDone signal occurs or a patientBreathingRequest is detected; a new breathingCycleStart shall be initiated. This condition shall hold continuously during operation.,(H (PCVMode -> ((breathingCycleDone | patientBreathingRequest) -> breathingCycleStart))),H((PCVMode) → ((breathingCycleDone ∨ patientBreathingRequest) → O(breathingCycleStart))),False
6/18,The system shall ensure that whenever RM is active; the outValveClose signal remains true and the inValveOpen signal remains true at all times during operation.,(H (RM -> (outValveClose & inValveOpen))),H ( RM → (outValveClose ∧ inValveOpen) ),True
7/19,The system shall ensure that whenever StartUpMode is active; it is never the case that powerOff becomes true while powerButton is false. In other words; during StartUpMode; the robot must not turn off unless the power button has been pressed.,(H ((H (! (powerOff & (! powerButton)))) | (! StartUpMode))),H ( StartUpMode → ¬( powerOff ∧ ¬powerButton ) ),True
7/20,Requirement:   For the aircraft control computer; whenever the system transitions into StartUpMode; it shall ensure that defaultParamsLoaded becomes true before StartUpMode is exited. The system shall not remain in StartUpMode without having defaultParamsLoaded set. This condition must hold for every occurrence of StartUpMode throughout the operation history of the aircraft.,((H (((! StartUpMode) & (Y StartUpMode)) -> (Y (! ((! defaultParamsLoaded) S ((! defaultParamsLoaded) & (StartUpMode & (Z (! StartUpMode))))))))) & (((! ((! StartUpMode) & (Y StartUpMode))) S ((! ((! StartUpMode) & (Y StartUpMode))) & (StartUpMode & (Z (! StartUpMode))))) -> (! ((! defaultParamsLoaded) S ((! defaultParamsLoaded) & (StartUpMode & (Z (! StartUpMode)))))))),H( StartUpMode → ( defaultParamsLoaded S ¬StartUpMode ) ),False
8/21,At all times; if FailSafeMode is active; then patientSafe must be true. This means the medical device shall always ensure that whenever it enters FailSafeMode; the patient remains safe.,(H (FailSafeMode -> patientSafe)),H(FailSafeMode → patientSafe),True
8/22,Whenever the aircraft control computer transitions into StartUpMode from a previous state where StartUpMode was not active the system shall ensure that checkCommsGUI has been successfully verified before or at the same time as the transition occurs. Once StartUpMode is active the system shall not report checkCommsGUI as inactive for any period that overlaps with the time when StartUpMode was entered from a non active state.,((H (((! StartUpMode) & (Y StartUpMode)) -> (Y (! ((! checkCommsGUI) S ((! checkCommsGUI) & (StartUpMode & (Z (! StartUpMode))))))))) & (((! ((! StartUpMode) & (Y StartUpMode))) S ((! ((! StartUpMode) & (Y StartUpMode))) & (StartUpMode & (Z (! StartUpMode))))) -> (! ((! checkCommsGUI) S ((! checkCommsGUI) & (StartUpMode & (Z (! StartUpMode)))))))),H(((StartUpMode ∧ Y(¬StartUpMode)) → (checkCommsGUI ∨ Y(checkCommsGUI))) ∧ (StartUpMode → H(StartUpMode → checkCommsGUI))),False
8/23,When the aircraft control computer exits SelfTestMode after having been in SelfTestMode in the previous cycle it shall ensure that during the entire period of SelfTestMode the variables selfTestPassed or selfTestFailed were set before leaving that mode. In other words whenever SelfTestMode is active and then transitions to inactive the system must not leave SelfTestMode without having recorded either selfTestPassed or selfTestFailed. This condition shall hold for every occurrence of SelfTestMode throughout operation.,((H (((! SelfTestMode) & (Y SelfTestMode)) -> (Y (! ((! (selfTestPassed | selfTestFailed)) S ((! (selfTestPassed | selfTestFailed)) & (SelfTestMode & (Z (! SelfTestMode))))))))) & (((! ((! SelfTestMode) & (Y SelfTestMode))) S ((! ((! SelfTestMode) & (Y SelfTestMode))) & (SelfTestMode & (Z (! SelfTestMode))))) -> (! ((! (selfTestPassed | selfTestFailed)) S ((! (selfTestPassed | selfTestFailed)) & (SelfTestMode & (Z (! SelfTestMode)))))))),H(((SelfTestMode & Y(SelfTestMode)) & ¬SelfTestMode) → O((selfTestPassed ∨ selfTestFailed) S SelfTestMode)),False
8/24,When the aircraft control system transitions from StartUpMode to normal operation the system shall verify that if pressureSensorRetries has reached at least 5 and either pressureSensorConnFailure or pressureSensorError has occurred then the system shall either enter FailSafeMode or remain in StartUpMode until StartUpMode has been exited. This condition shall hold consistently throughout system operation so that any time the system leaves StartUpMode after repeated pressure sensor connection failures or errors it either activates FailSafeMode or stays in StartUpMode until the startup phase is properly completed.,((H (((! StartUpMode) & (Y StartUpMode)) -> (Y (((Y (((pressureSensorRetries >= 5) & (pressureSensorConnFailure | pressureSensorError)) & ((Y (! ((pressureSensorRetries >= 5) & (pressureSensorConnFailure | pressureSensorError)))) | (StartUpMode & (Z (! StartUpMode)))))) -> (FailSafeMode | (StartUpMode & (Z (! StartUpMode))))) S (((Y (((pressureSensorRetries >= 5) & (pressureSensorConnFailure | pressureSensorError)) & ((Y (! ((pressureSensorRetries >= 5) & (pressureSensorConnFailure | pressureSensorError)))) | (StartUpMode & (Z (! StartUpMode)))))) -> (FailSafeMode | (StartUpMode & (Z (! StartUpMode))))) & (StartUpMode & (Z (! StartUpMode)))))))) & (((! ((! StartUpMode) & (Y StartUpMode))) S ((! ((! StartUpMode) & (Y StartUpMode))) & (StartUpMode & (Z (! StartUpMode))))) -> (((Y (((pressureSensorRetries >= 5) & (pressureSensorConnFailure | pressureSensorError)) & ((Y (! ((pressureSensorRetries >= 5) & (pressureSensorConnFailure | pressureSensorError)))) | (StartUpMode & (Z (! StartUpMode)))))) -> (FailSafeMode | (StartUpMode & (Z (! StartUpMode))))) S (((Y (((pressureSensorRetries >= 5) & (pressureSensorConnFailure | pressureSensorError)) & ((Y (! ((pressureSensorRetries >= 5) & (pressureSensorConnFailure | pressureSensorError)))) | (StartUpMode & (Z (! StartUpMode)))))) -> (FailSafeMode | (StartUpMode & (Z (! StartUpMode))))) & (StartUpMode & (Z (! StartUpMode))))))),H(((Y(StartUpMode) & ¬StartUpMode) & (pressureSensorRetries≥5 & (pressureSensorConnFailure | pressureSensorError))) → (FailSafeMode | (StartUpMode S ¬StartUpMode))),False
8/25,When the aircraft control system transitions from StartUpMode to normal operation the system shall verify that if pressureSensorRetries has reached 5 or more and either pressureSensorConnFailure or pressureSensorError has occurred then the system shall either enter FailSafeMode or remain in StartUpMode until the previous StartUpMode condition is cleared. This requirement shall hold for every startup sequence so that any repeated pressure sensor connection failure or error during startup always results in activation of FailSafeMode or retention in StartUpMode until the fault condition is no longer present.,((H (((! StartUpMode) & (Y StartUpMode)) -> (Y (((Y (((pressureSensorRetries >= 5) & (pressureSensorConnFailure | pressureSensorError)) & ((Y (! ((pressureSensorRetries >= 5) & (pressureSensorConnFailure | pressureSensorError)))) | (StartUpMode & (Z (! StartUpMode)))))) -> (FailSafeMode | (StartUpMode & (Z (! StartUpMode))))) S (((Y (((pressureSensorRetries >= 5) & (pressureSensorConnFailure | pressureSensorError)) & ((Y (! ((pressureSensorRetries >= 5) & (pressureSensorConnFailure | pressureSensorError)))) | (StartUpMode & (Z (! StartUpMode)))))) -> (FailSafeMode | (StartUpMode & (Z (! StartUpMode))))) & (StartUpMode & (Z (! StartUpMode)))))))) & (((! ((! StartUpMode) & (Y StartUpMode))) S ((! ((! StartUpMode) & (Y StartUpMode))) & (StartUpMode & (Z (! StartUpMode))))) -> (((Y (((pressureSensorRetries >= 5) & (pressureSensorConnFailure | pressureSensorError)) & ((Y (! ((pressureSensorRetries >= 5) & (pressureSensorConnFailure | pressureSensorError)))) | (StartUpMode & (Z (! StartUpMode)))))) -> (FailSafeMode | (StartUpMode & (Z (! StartUpMode))))) S (((Y (((pressureSensorRetries >= 5) & (pressureSensorConnFailure | pressureSensorError)) & ((Y (! ((pressureSensorRetries >= 5) & (pressureSensorConnFailure | pressureSensorError)))) | (StartUpMode & (Z (! StartUpMode)))))) -> (FailSafeMode | (StartUpMode & (Z (! StartUpMode))))) & (StartUpMode & (Z (! StartUpMode))))))),H(((Y StartUpMode ∧ ¬StartUpMode) → H(((pressureSensorRetries ≥ 5 ∧ (pressureSensorConnFailure ∨ pressureSensorError)) → (FailSafeMode ∨ (StartUpMode S ¬StartUpMode)))))),False
8/26,The ventilator shall ensure that whenever inspiratoryPhase is active; outValveClose is true; and the following conditions hold:   If PCVMode is active and apnea is not present; then P_insp shall be equal to P_inspPCV.   If PSVMode is active; then P_insp shall be equal to P_inspPSV.   If PCVMode is active and apnea is present; then P_insp shall be equal to P_inspAP.   This behavior shall be maintained at all times during operation.,(H (inspiratoryPhase -> (((outValveClose & ((PCVMode & (! apnea)) -> (P_insp = P_inspPCV))) & (PSVMode -> (P_insp = P_inspPSV))) & ((PCVMode & apnea) -> (P_insp = P_inspAP))))),H((inspiratoryPhase ∧ outValveClose) → (((PCVMode ∧ ¬apnea) → (P_insp = P_inspPCV)) ∧ (PSVMode → (P_insp = P_inspPSV)) ∧ ((PCVMode ∧ apnea) → (P_insp = P_inspAP)))),False
8/27,When the ventilator switches from a non‑ventilation state into either PCVMode or PSVMode the system shall ensure that the inspiratoryPauseButton and the inspiratoryPause signal behave consistently with the mode transition. Specifically whenever PCVMode or PSVMode becomes active after being inactive the inspiratoryPauseButton shall not be pressed until the mode change is complete and the inspiratoryPause function shall only become active if the inspiratoryPauseButton has been pressed after the mode transition. The system shall not allow any inspiratoryPause or inspiratoryPauseButton activity that appears to have started before the most recent change into PCVMode or PSVMode. This requirement ensures that the ventilator’s pause control operates only in response to deliberate user input following a valid entry into PCVMode or PSVMode.,((H (((! (PCVMode | PSVMode)) & (Y (PCVMode | PSVMode))) -> (Y (((! inspiratoryPauseButton) S ((! inspiratoryPauseButton) & ((PCVMode | PSVMode) & (Z (! (PCVMode | PSVMode)))))) | (! ((! (inspiratoryPause | (! inspiratoryPauseButton))) S ((! (inspiratoryPause | (! inspiratoryPauseButton))) & (inspiratoryPauseButton & ((Y (! inspiratoryPauseButton)) | ((PCVMode | PSVMode) & (Z (! (PCVMode | PSVMode))))))))))))) & (((! ((! (PCVMode | PSVMode)) & (Y (PCVMode | PSVMode)))) S ((! ((! (PCVMode | PSVMode)) & (Y (PCVMode | PSVMode)))) & ((PCVMode | PSVMode) & (Z (! (PCVMode | PSVMode)))))) -> (((! inspiratoryPauseButton) S ((! inspiratoryPauseButton) & ((PCVMode | PSVMode) & (Z (! (PCVMode | PSVMode)))))) | (! ((! (inspiratoryPause | (! inspiratoryPauseButton))) S ((! (inspiratoryPause | (! inspiratoryPauseButton))) & (inspiratoryPauseButton & ((Y (! inspiratoryPauseButton)) | ((PCVMode | PSVMode) & (Z (! (PCVMode | PSVMode)))))))))))),H(((PCVMode ∧ ¬Y(PCVMode)) ∨ (PSVMode ∧ ¬Y(PSVMode))) → (¬O(inspiratoryPauseButton) ∧ (inspiratoryPause → O(inspiratoryPauseButton)))),False
8/28,When the aircraft enters SelfTestMode after previously being outside of it the system shall ensure that during the entire period of SelfTestMode the leak test results testLeaksPass testLeaksFail or testLeaksSkip are produced before SelfTestMode is exited. If the aircraft remains in SelfTestMode without having just entered it the same condition shall hold so that no transition out of SelfTestMode occurs without one of the leak test results being recorded.,((H (((! SelfTestMode) & (Y SelfTestMode)) -> (Y (! ((! ((testLeaksPass | testLeaksFail) | testLeaksSkip)) S ((! ((testLeaksPass | testLeaksFail) | testLeaksSkip)) & (SelfTestMode & (Z (! SelfTestMode))))))))) & (((! ((! SelfTestMode) & (Y SelfTestMode))) S ((! ((! SelfTestMode) & (Y SelfTestMode))) & (SelfTestMode & (Z (! SelfTestMode))))) -> (! ((! ((testLeaksPass | testLeaksFail) | testLeaksSkip)) S ((! ((testLeaksPass | testLeaksFail) | testLeaksSkip)) & (SelfTestMode & (Z (! SelfTestMode)))))))),H((SelfTestMode ∧ ¬Y(SelfTestMode)) → O((testLeaksPass ∨ testLeaksFail ∨ testLeaksSkip) S SelfTestMode)),False
8/29,When the ventilator is operating in PCVMode and the inspiratoryPauseButton is pressed after previously being released; the system shall ensure that within 40 time units after the end of the inspiratoryPhaseEnd; either the inspiratory phase continues correctly from a previous non‑inspiratory state or both inValveClose and outValveClose are activated while the inspiratoryPauseButton remains pressed. This behavior shall hold consistently whenever the inspiratoryPauseButton is pressed during PCVMode operation and shall remain valid for all subsequent occurrences of such transitions.,"((H (((! (PCVMode & inspiratoryPauseButton)) & (Y (PCVMode & inspiratoryPauseButton))) -> (Y (((O[0,40] (inspiratoryPhaseEnd & ((Y (! inspiratoryPhaseEnd)) | ((PCVMode & inspiratoryPauseButton) & (Z (! (PCVMode & inspiratoryPauseButton))))))) -> (((! inspiratoryPhaseEnd) S ((! inspiratoryPhaseEnd) & ((PCVMode & inspiratoryPauseButton) & (Z (! (PCVMode & inspiratoryPauseButton)))))) | (inspiratoryPauseButton -> (inValveClose & outValveClose)))) S (((O[0,40] (inspiratoryPhaseEnd & ((Y (! inspiratoryPhaseEnd)) | ((PCVMode & inspiratoryPauseButton) & (Z (! (PCVMode & inspiratoryPauseButton))))))) -> (((! inspiratoryPhaseEnd) S ((! inspiratoryPhaseEnd) & ((PCVMode & inspiratoryPauseButton) & (Z (! (PCVMode & inspiratoryPauseButton)))))) | (inspiratoryPauseButton -> (inValveClose & outValveClose)))) & ((PCVMode & inspiratoryPauseButton) & (Z (! (PCVMode & inspiratoryPauseButton))))))))) & (((! ((! (PCVMode & inspiratoryPauseButton)) & (Y (PCVMode & inspiratoryPauseButton)))) S ((! ((! (PCVMode & inspiratoryPauseButton)) & (Y (PCVMode & inspiratoryPauseButton)))) & ((PCVMode & inspiratoryPauseButton) & (Z (! (PCVMode & inspiratoryPauseButton)))))) -> (((O[0,40] (inspiratoryPhaseEnd & ((Y (! inspiratoryPhaseEnd)) | ((PCVMode & inspiratoryPauseButton) & (Z (! (PCVMode & inspiratoryPauseButton))))))) -> (((! inspiratoryPhaseEnd) S ((! inspiratoryPhaseEnd) & ((PCVMode & inspiratoryPauseButton) & (Z (! (PCVMode & inspiratoryPauseButton)))))) | (inspiratoryPauseButton -> (inValveClose & outValveClose)))) S (((O[0,40] (inspiratoryPhaseEnd & ((Y (! inspiratoryPhaseEnd)) | ((PCVMode & inspiratoryPauseButton) & (Z (! (PCVMode & inspiratoryPauseButton))))))) -> (((! inspiratoryPhaseEnd) S ((! inspiratoryPhaseEnd) & ((PCVMode & inspiratoryPauseButton) & (Z (! (PCVMode & inspiratoryPauseButton)))))) | (inspiratoryPauseButton -> (inValveClose & outValveClose)))) & ((PCVMode & inspiratoryPauseButton) & (Z (! (PCVMode & inspiratoryPauseButton))))))))",H( (PCVMode ∧ inspiratoryPauseButton ∧ O(Y(¬inspiratoryPauseButton))) → (O(inspiratoryPhaseEnd) → ((O(¬inspiratoryPhase) ∧ inspiratoryPhase) ∨ (inValveClose ∧ outValveClose ∧ inspiratoryPauseButton))) ),False
9/30,Whenever PCVMode is active the system shall ensure that inspiratoryTime equals 60 multiplied by the ratio of ItoE_PCV to the product of RR_PCV and one plus ItoE_PCV. This requirement applies continuously for the entire operation of the medical ventilator.,(H (PCVMode -> (inspiratoryTime = (60 * (ItoE_PCV / (RR_PCV * (1 + ItoE_PCV))))))),H(PCVMode → (inspiratoryTime = 60 * (ItoE_PCV / (RR_PCV * (1 + ItoE_PCV))))),True
9/31,When the ventilator is operating in PCVMode and the inspiratoryPauseButton is pressed after previously being released; the system shall ensure that within 40 time units after the end of the inspiratoryPhaseEnd; either the inspiratory phase continues correctly from a previous non‑inspiratory state or both inValveClose and outValveClose are activated while the inspiratoryPauseButton remains pressed. This behavior shall hold consistently whenever the inspiratoryPauseButton is pressed during PCVMode and shall remain valid for all subsequent occurrences of such transitions.,"((H (((! (PCVMode & inspiratoryPauseButton)) & (Y (PCVMode & inspiratoryPauseButton))) -> (Y (((O[0,40] (inspiratoryPhaseEnd & ((Y (! inspiratoryPhaseEnd)) | ((PCVMode & inspiratoryPauseButton) & (Z (! (PCVMode & inspiratoryPauseButton))))))) -> (((! inspiratoryPhaseEnd) S ((! inspiratoryPhaseEnd) & ((PCVMode & inspiratoryPauseButton) & (Z (! (PCVMode & inspiratoryPauseButton)))))) | (inspiratoryPauseButton -> (inValveClose & outValveClose)))) S (((O[0,40] (inspiratoryPhaseEnd & ((Y (! inspiratoryPhaseEnd)) | ((PCVMode & inspiratoryPauseButton) & (Z (! (PCVMode & inspiratoryPauseButton))))))) -> (((! inspiratoryPhaseEnd) S ((! inspiratoryPhaseEnd) & ((PCVMode & inspiratoryPauseButton) & (Z (! (PCVMode & inspiratoryPauseButton)))))) | (inspiratoryPauseButton -> (inValveClose & outValveClose)))) & ((PCVMode & inspiratoryPauseButton) & (Z (! (PCVMode & inspiratoryPauseButton))))))))) & (((! ((! (PCVMode & inspiratoryPauseButton)) & (Y (PCVMode & inspiratoryPauseButton)))) S ((! ((! (PCVMode & inspiratoryPauseButton)) & (Y (PCVMode & inspiratoryPauseButton)))) & ((PCVMode & inspiratoryPauseButton) & (Z (! (PCVMode & inspiratoryPauseButton)))))) -> (((O[0,40] (inspiratoryPhaseEnd & ((Y (! inspiratoryPhaseEnd)) | ((PCVMode & inspiratoryPauseButton) & (Z (! (PCVMode & inspiratoryPauseButton))))))) -> (((! inspiratoryPhaseEnd) S ((! inspiratoryPhaseEnd) & ((PCVMode & inspiratoryPauseButton) & (Z (! (PCVMode & inspiratoryPauseButton)))))) | (inspiratoryPauseButton -> (inValveClose & outValveClose)))) S (((O[0,40] (inspiratoryPhaseEnd & ((Y (! inspiratoryPhaseEnd)) | ((PCVMode & inspiratoryPauseButton) & (Z (! (PCVMode & inspiratoryPauseButton))))))) -> (((! inspiratoryPhaseEnd) S ((! inspiratoryPhaseEnd) & ((PCVMode & inspiratoryPauseButton) & (Z (! (PCVMode & inspiratoryPauseButton)))))) | (inspiratoryPauseButton -> (inValveClose & outValveClose)))) & ((PCVMode & inspiratoryPauseButton) & (Z (! (PCVMode & inspiratoryPauseButton))))))))",H( (PCVMode ∧ inspiratoryPauseButton ∧ O(Y(¬inspiratoryPauseButton))) → (O(inspiratoryPhaseEnd) → ((O(¬inspiratoryPhase) ∧ inspiratoryPhase) ∨ (inValveClose ∧ outValveClose ∧ inspiratoryPauseButton))) ),False
10/32,The system shall ensure that whenever enableLeakCompensation is active; leakCompensation remains active; and whenever disableLeakCompensation is active; both leakCompensation and enableLeakCompensation remain inactive at that time. This condition shall hold continuously during operation of the medical infusion device.,(H ((enableLeakCompensation -> leakCompensation) & (disableLeakCompensation -> ((! leakCompensation) & (! enableLeakCompensation))))),H(((enableLeakCompensation → leakCompensation) ∧ (disableLeakCompensation → (¬leakCompensation ∧ ¬enableLeakCompensation)))),True
10/33,Whenever the ventilator switches from PCVMode to another mode the system shall ensure that any previous inspiratoryPhaseEnd event that occurred while PSVModeSelected was active leads to the ventilator continuing to operate in either ventilating and PSVMode or returning to PCVMode until PCVMode has been fully exited. The system shall maintain this behavior consistently throughout operation so that transitions between PCVMode and PSVMode preserve correct ventilation control and no phase change occurs without the ventilator being in a valid mode.,((H (((! PCVMode) & (Y PCVMode)) -> (Y (((Y ((inspiratoryPhaseEnd & PSVModeSelected) & ((Y (! (inspiratoryPhaseEnd & PSVModeSelected))) | (PCVMode & (Z (! PCVMode)))))) -> ((ventilating & PSVMode) | (PCVMode & (Z (! PCVMode))))) S (((Y ((inspiratoryPhaseEnd & PSVModeSelected) & ((Y (! (inspiratoryPhaseEnd & PSVModeSelected))) | (PCVMode & (Z (! PCVMode)))))) -> ((ventilating & PSVMode) | (PCVMode & (Z (! PCVMode))))) & (PCVMode & (Z (! PCVMode)))))))) & (((! ((! PCVMode) & (Y PCVMode))) S ((! ((! PCVMode) & (Y PCVMode))) & (PCVMode & (Z (! PCVMode))))) -> (((Y ((inspiratoryPhaseEnd & PSVModeSelected) & ((Y (! (inspiratoryPhaseEnd & PSVModeSelected))) | (PCVMode & (Z (! PCVMode)))))) -> ((ventilating & PSVMode) | (PCVMode & (Z (! PCVMode))))) S (((Y ((inspiratoryPhaseEnd & PSVModeSelected) & ((Y (! (inspiratoryPhaseEnd & PSVModeSelected))) | (PCVMode & (Z (! PCVMode)))))) -> ((ventilating & PSVMode) | (PCVMode & (Z (! PCVMode))))) & (PCVMode & (Z (! PCVMode))))))),H(((PCVMode ∧ Y(¬PCVMode)) → ((O(inspiratoryPhaseEnd ∧ PSVModeSelected)) → ((ventilating ∧ PSVMode) S ¬PCVMode)))),False
10/34,Whenever the aircraft control computer transitions into StartUpMode from a previous state where StartUpMode was inactive the system shall ensure that from that moment until StartUpMode is exited there has never been a period in which initialization was incomplete or failed without the FailSafeMode being active together with an OutOfServiceWarning. In other words once StartUpMode begins the system must always have either initDone true or if initialization fails both OutOfServiceWarning and FailSafeMode must be active until StartUpMode ends.,((H (((! StartUpMode) & (Y StartUpMode)) -> (Y (! ((! (initDone | ((initFail & OutOfServiceWarning) & FailSafeMode))) S ((! (initDone | ((initFail & OutOfServiceWarning) & FailSafeMode))) & (StartUpMode & (Z (! StartUpMode))))))))) & (((! ((! StartUpMode) & (Y StartUpMode))) S ((! ((! StartUpMode) & (Y StartUpMode))) & (StartUpMode & (Z (! StartUpMode))))) -> (! ((! (initDone | ((initFail & OutOfServiceWarning) & FailSafeMode))) S ((! (initDone | ((initFail & OutOfServiceWarning) & FailSafeMode))) & (StartUpMode & (Z (! StartUpMode)))))))),H( ((StartUpMode ∧ Y(¬StartUpMode)) → H( StartUpMode → (initDone ∨ (FailSafeMode ∧ OutOfServiceWarning)) ) ) ),False
10/35,The system shall ensure that StartUpDone has never been true in the past; or otherwise it shall guarantee that once StartUpDone becomes true; there is no earlier period during which newPatient or resumeVentilation were inactive continuously up to that point. In other words; the medical ventilator shall not complete its startup sequence unless there has been a prior moment when startup was not yet done and the system was not continuously in a state where both newPatient and resumeVentilation were inactive.,((H (! StartUpDone)) | (! ((! (newPatient | resumeVentilation)) S ((! (newPatient | resumeVentilation)) & (StartUpDone & (Z (! StartUpDone))))))),H(¬StartUpDone) ∨ H(StartUpDone → O(¬StartUpDone ∧ O(¬(¬newPatient S ¬resumeVentilation)))),False
10/36,When the aircraft enters SelfTestMode after previously being outside of it the system shall ensure that during the entire period of SelfTestMode the leak test results testLeaksPass testLeaksFail or testLeaksSkip are properly recorded before SelfTestMode is exited. The system shall not allow a transition out of SelfTestMode unless one of these leak test results has occurred. This requirement applies every time the aircraft switches into and out of SelfTestMode.,((H (((! SelfTestMode) & (Y SelfTestMode)) -> (Y (! ((! ((testLeaksPass | testLeaksFail) | testLeaksSkip)) S ((! ((testLeaksPass | testLeaksFail) | testLeaksSkip)) & (SelfTestMode & (Z (! SelfTestMode))))))))) & (((! ((! SelfTestMode) & (Y SelfTestMode))) S ((! ((! SelfTestMode) & (Y SelfTestMode))) & (SelfTestMode & (Z (! SelfTestMode))))) -> (! ((! ((testLeaksPass | testLeaksFail) | testLeaksSkip)) S ((! ((testLeaksPass | testLeaksFail) | testLeaksSkip)) & (SelfTestMode & (Z (! SelfTestMode)))))))),H((SelfTestMode ∧ ¬Y(SelfTestMode)) → ((SelfTestMode S (testLeaksPass ∨ testLeaksFail ∨ testLeaksSkip)) ∧ (¬SelfTestMode → O(testLeaksPass ∨ testLeaksFail ∨ testLeaksSkip)))),False
10/37,Whenever the ventilator switches from PCVMode to another mode the system shall ensure that any previous PSVModeSelected condition does not cause PSVMode to become active while PCVInspTimeEnd is still true. The system shall maintain PCVMode active until PCVInspTimeEnd has completed and shall not allow PSVMode to start until PCVMode has been fully exited. This requirement ensures that transitions between PCVMode and PSVModeSelected occur in a controlled and nonoverlapping manner.,((H (((! PCVMode) & (Y PCVMode)) -> (Y (((Y (PSVModeSelected & ((Y (! PSVModeSelected)) | (PCVMode & (Z (! PCVMode)))))) -> ((! (PCVInspTimeEnd & PSVMode)) | (PCVMode & (Z (! PCVMode))))) S (((Y (PSVModeSelected & ((Y (! PSVModeSelected)) | (PCVMode & (Z (! PCVMode)))))) -> ((! (PCVInspTimeEnd & PSVMode)) | (PCVMode & (Z (! PCVMode))))) & (PCVMode & (Z (! PCVMode)))))))) & (((! ((! PCVMode) & (Y PCVMode))) S ((! ((! PCVMode) & (Y PCVMode))) & (PCVMode & (Z (! PCVMode))))) -> (((Y (PSVModeSelected & ((Y (! PSVModeSelected)) | (PCVMode & (Z (! PCVMode)))))) -> ((! (PCVInspTimeEnd & PSVMode)) | (PCVMode & (Z (! PCVMode))))) S (((Y (PSVModeSelected & ((Y (! PSVModeSelected)) | (PCVMode & (Z (! PCVMode)))))) -> ((! (PCVInspTimeEnd & PSVMode)) | (PCVMode & (Z (! PCVMode))))) & (PCVMode & (Z (! PCVMode))))))),H(((Y(PCVMode) ∧ ¬PCVMode) → (PCVMode S ¬PCVInspTimeEnd)) ∧ (PSVMode → (O(PCVMode ∧ ¬PCVInspTimeEnd) ∧ ¬PCVMode))),False
11/38,The system shall continuously record logVentilationParams logAlarmParams and logCalibrationParams throughout all operating conditions to ensure that these parameters are always available for review and verification.,(H ((logVentilationParams & logAlarmParams) & logCalibrationParams)),H (logVentilationParams ∧ logAlarmParams ∧ logCalibrationParams),True
11/39,When the aircraft control computer enters SelfTestMode from a non‑test state the system shall ensure that during the entire period of SelfTestMode at least one of testPSExpPass testPSExpFail or testPSExpSkip is recorded before SelfTestMode is exited. If SelfTestMode is active and later transitions back to a normal operating state the history of operation shall show that the required testPSExpPass testPSExpFail or testPSExpSkip result occurred while SelfTestMode was active.,((H (((! SelfTestMode) & (Y SelfTestMode)) -> (Y (! ((! ((testPSExpPass | testPSExpFail) | testPSExpSkip)) S ((! ((testPSExpPass | testPSExpFail) | testPSExpSkip)) & (SelfTestMode & (Z (! SelfTestMode))))))))) & (((! ((! SelfTestMode) & (Y SelfTestMode))) S ((! ((! SelfTestMode) & (Y SelfTestMode))) & (SelfTestMode & (Z (! SelfTestMode))))) -> (! ((! ((testPSExpPass | testPSExpFail) | testPSExpSkip)) S ((! ((testPSExpPass | testPSExpFail) | testPSExpSkip)) & (SelfTestMode & (Z (! SelfTestMode)))))))),H((SelfTestMode ∧ ¬Y(SelfTestMode)) → ((testPSExpPass ∨ testPSExpFail ∨ testPSExpSkip) S SelfTestMode)),False
11/40,When the aircraft control computer exits SelfTestMode after previously being in SelfTestMode the system shall ensure that before entering StandbyMode either selfTestPassed or GUIResumeRequest has occurred and that this transition is consistent with the most recent period in which SelfTestMode was active. The system shall not enter StandbyMode unless either selfTestPassed or GUIResumeRequest was detected following the last active SelfTestMode period or the system remains in SelfTestMode until such a condition is met. This requirement ensures that the aircraft only resumes normal standby operation after a successful self test or an explicit operator resume request.,((H (((! SelfTestMode) & (Y SelfTestMode)) -> (Y (((Y ((selfTestPassed | GUIResumeRequest) & ((Y (! (selfTestPassed | GUIResumeRequest))) | (SelfTestMode & (Z (! SelfTestMode)))))) -> (StandbyMode | (SelfTestMode & (Z (! SelfTestMode))))) S (((Y ((selfTestPassed | GUIResumeRequest) & ((Y (! (selfTestPassed | GUIResumeRequest))) | (SelfTestMode & (Z (! SelfTestMode)))))) -> (StandbyMode | (SelfTestMode & (Z (! SelfTestMode))))) & (SelfTestMode & (Z (! SelfTestMode)))))))) & (((! ((! SelfTestMode) & (Y SelfTestMode))) S ((! ((! SelfTestMode) & (Y SelfTestMode))) & (SelfTestMode & (Z (! SelfTestMode))))) -> (((Y ((selfTestPassed | GUIResumeRequest) & ((Y (! (selfTestPassed | GUIResumeRequest))) | (SelfTestMode & (Z (! SelfTestMode)))))) -> (StandbyMode | (SelfTestMode & (Z (! SelfTestMode))))) S (((Y ((selfTestPassed | GUIResumeRequest) & ((Y (! (selfTestPassed | GUIResumeRequest))) | (SelfTestMode & (Z (! SelfTestMode)))))) -> (StandbyMode | (SelfTestMode & (Z (! SelfTestMode))))) & (SelfTestMode & (Z (! SelfTestMode))))))),H((Y(SelfTestMode) & ¬SelfTestMode) → ((O(SelfTestMode & (selfTestPassed | GUIResumeRequest))) S ¬StandbyMode)),False
11/41,When the aircraft control computer enters SelfTestMode from a non‑test state the system shall ensure that during the entire period of SelfTestMode at least one of testPSExpPass testPSExpFail or testPSExpSkip is recorded before SelfTestMode is exited. If the system has not entered SelfTestMode then this condition does not apply.,((H (((! SelfTestMode) & (Y SelfTestMode)) -> (Y (! ((! ((testPSExpPass | testPSExpFail) | testPSExpSkip)) S ((! ((testPSExpPass | testPSExpFail) | testPSExpSkip)) & (SelfTestMode & (Z (! SelfTestMode))))))))) & (((! ((! SelfTestMode) & (Y SelfTestMode))) S ((! ((! SelfTestMode) & (Y SelfTestMode))) & (SelfTestMode & (Z (! SelfTestMode))))) -> (! ((! ((testPSExpPass | testPSExpFail) | testPSExpSkip)) S ((! ((testPSExpPass | testPSExpFail) | testPSExpSkip)) & (SelfTestMode & (Z (! SelfTestMode)))))))),H((SelfTestMode S (¬Y(SelfTestMode) ∧ SelfTestMode)) → O((testPSExpPass ∨ testPSExpFail ∨ testPSExpSkip) S SelfTestMode)),False
11/42,Requirement:   When the aircraft control system transitions from StartUpMode to normal operation; the system shall ensure that checkCommsGUI has been continuously active and verified during the entire StartUpMode period; and that no instance occurs where checkCommsGUI was inactive while StartUpMode was engaged. Furthermore; once StartUpMode has ended; the system shall maintain the record that checkCommsGUI remained active throughout the previous StartUpMode phase.,((H (((! StartUpMode) & (Y StartUpMode)) -> (Y (! ((! checkCommsGUI) S ((! checkCommsGUI) & (StartUpMode & (Z (! StartUpMode))))))))) & (((! ((! StartUpMode) & (Y StartUpMode))) S ((! ((! StartUpMode) & (Y StartUpMode))) & (StartUpMode & (Z (! StartUpMode))))) -> (! ((! checkCommsGUI) S ((! checkCommsGUI) & (StartUpMode & (Z (! StartUpMode)))))))),H((Y(StartUpMode) & ¬StartUpMode) → H(StartUpMode → checkCommsGUI)),False
11/43,The ventilator control system shall ensure that StartUpDone is not active before the device has completed its startup sequence. Once StartUpDone becomes true the system shall not enter a state where both newPatient and resumeVentilation remain false continuously since the last time StartUpDone was false.,((H (! StartUpDone)) | (! ((! (newPatient | resumeVentilation)) S ((! (newPatient | resumeVentilation)) & (StartUpDone & (Z (! StartUpDone))))))),H( StartUpDone → ¬(¬newPatient ∧ ¬resumeVentilation) S ¬StartUpDone ),False
12/44,Whenever the system is operating in PCVMode the ventilator shall ensure that the breathingCycleTime equals one divided by RR_PCV and that ExpiratoryTime equals breathingCycleTime divided by one plus ItoE_PCV.,(H (PCVMode -> ((breathingCycleTime = (1 / RR_PCV)) & (ExpiratoryTime = (breathingCycleTime / (1 + ItoE_PCV)))))),H(PCVMode → (breathingCycleTime = 1/RR_PCV ∧ ExpiratoryTime = breathingCycleTime/(1 + ItoE_PCV))),True
13/45,The system shall always ensure that whenever StandbyMode is active; the ventilationOff condition is true; the inValveClose condition is true; and the outValveOpen condition is true.,(H (StandbyMode -> ((ventilationOff & inValveClose) & outValveOpen))),H (StandbyMode → (ventilationOff ∧ inValveClose ∧ outValveOpen)),True
13/46,When the aircraft control computer enters SelfTestMode after previously being outside of it the system shall ensure that no testPSExpPass testPSExpFail or testPSExpSkip results are missing during the entire period that SelfTestMode remains active starting from the moment it was entered until it is exited again.    If the system has not just entered SelfTestMode then this requirement does not apply.    In other words whenever SelfTestMode is initiated the system must continuously record one of testPSExpPass testPSExpFail or testPSExpSkip for every test execution until SelfTestMode is turned off.,((H (((! SelfTestMode) & (Y SelfTestMode)) -> (Y (! ((! ((testPSExpPass | testPSExpFail) | testPSExpSkip)) S ((! ((testPSExpPass | testPSExpFail) | testPSExpSkip)) & (SelfTestMode & (Z (! SelfTestMode))))))))) & (((! ((! SelfTestMode) & (Y SelfTestMode))) S ((! ((! SelfTestMode) & (Y SelfTestMode))) & (SelfTestMode & (Z (! SelfTestMode))))) -> (! ((! ((testPSExpPass | testPSExpFail) | testPSExpSkip)) S ((! ((testPSExpPass | testPSExpFail) | testPSExpSkip)) & (SelfTestMode & (Z (! SelfTestMode)))))))),H((SelfTestMode ∧ ¬Y(SelfTestMode)) → H((SelfTestMode) → (testPSExpPass ∨ testPSExpFail ∨ testPSExpSkip))),False
13/47,Requirement:   Whenever the aircraft control computer exits SelfTestMode after having been in SelfTestMode in the previous cycle; it shall be true that during that SelfTestMode period the system recorded either selfTestPassed or selfTestFailed before leaving SelfTestMode. Furthermore; once the system has completed such a SelfTestMode period; this condition shall continue to hold for all subsequent operation cycles.,((H (((! SelfTestMode) & (Y SelfTestMode)) -> (Y (! ((! (selfTestPassed | selfTestFailed)) S ((! (selfTestPassed | selfTestFailed)) & (SelfTestMode & (Z (! SelfTestMode))))))))) & (((! ((! SelfTestMode) & (Y SelfTestMode))) S ((! ((! SelfTestMode) & (Y SelfTestMode))) & (SelfTestMode & (Z (! SelfTestMode))))) -> (! ((! (selfTestPassed | selfTestFailed)) S ((! (selfTestPassed | selfTestFailed)) & (SelfTestMode & (Z (! SelfTestMode)))))))),H(((Y SelfTestMode) & ¬SelfTestMode) → (O((SelfTestMode S (selfTestPassed ∨ selfTestFailed))))),False
13/48,Whenever the system transitions out of FailSafeMode after having previously been in FailSafeMode and having remained continuously in that state until the transition; the controller shall ensure that the device is not operating in StartUpMode; SelfTestMode; StandbyMode; PCVMode; or PSVMode at any time following that transition while the system remains powered on. This requirement applies to all operational periods of the medical ventilator and must hold whenever the system exits FailSafeMode.,((O (((! FailSafeMode) & (Y FailSafeMode)) & (Y (H (! ((! FailSafeMode) & (Y FailSafeMode))))))) -> ((((! off) S ((! off) & (((! FailSafeMode) & (Y FailSafeMode)) & (Y (H (! ((! FailSafeMode) & (Y FailSafeMode)))))))) -> (! ((((StartUpMode | SelfTestMode) | StandbyMode) | PCVMode) | PSVMode))) S ((((! off) S ((! off) & (((! FailSafeMode) & (Y FailSafeMode)) & (Y (H (! ((! FailSafeMode) & (Y FailSafeMode)))))))) -> (! ((((StartUpMode | SelfTestMode) | StandbyMode) | PCVMode) | PSVMode))) & (((! FailSafeMode) & (Y FailSafeMode)) & (Y (H (! ((! FailSafeMode) & (Y FailSafeMode))))))))),H( (Y(FailSafeMode) ∧ ¬FailSafeMode) → H(¬(StartUpMode ∨ SelfTestMode ∨ StandbyMode ∨ PCVMode ∨ PSVMode)) ),False
14/49,The system shall ensure that whenever StandbyMode is active; ventilationOff is true and ventilationParamsAdjustable is true at all times. This requirement applies continuously throughout the operation of the medical ventilator.,(H (StandbyMode -> (ventilationOff & ventilationParamsAdjustable))),H(StandbyMode → (ventilationOff ∧ ventilationParamsAdjustable)),True
14/50,The ventilator shall not complete StartUpDone before the system has been continuously in a state where no newPatient or resumeVentilation event has occurred since the last time StartUpDone was false.,((H (! StartUpDone)) | (! ((! (newPatient | resumeVentilation)) S ((! (newPatient | resumeVentilation)) & (StartUpDone & (Z (! StartUpDone))))))),¬(StartUpDone S (¬StartUpDone ∧ H(¬newPatient ∧ ¬resumeVentilation))),False
14/51,If a powerFailure occurs at any time within the last 120 seconds and before that there was no powerFailure then the system must either have been continuously without any powerFailure or it must not be off.    In other words for the aircraft power control unit if a powerFailure happens after a period of stable power lasting up to 120 seconds the unit must either have maintained uninterrupted power or must remain on and not switch off.,"(H ((O[0,120] (powerFailure & (Z (! powerFailure)))) -> ((H (! powerFailure)) | (! off))))",((O powerFailure) ∧ ¬(O (powerFailure S ¬powerFailure))) → (H ¬powerFailure ∨ ¬off),False
15/52,The system shall ensure that whenever StandbyMode is active; the ventilationOff signal is set; the inValveClose command is engaged; and the outValveOpen command is active at all times.,(H (StandbyMode -> ((ventilationOff & inValveClose) & outValveOpen))),H(StandbyMode → (ventilationOff ∧ inValveClose ∧ outValveOpen)),True
15/53,The ventilator shall ensure that whenever inspiratoryPhase is active; the following conditions hold at all times:   If outValveClose is true and the system is operating in PCVMode without apnea; then P_insp shall be equal to P_inspPCV.   If the system is operating in PSVMode; then P_insp shall be equal to P_inspPSV.   If the system is operating in PCVMode with apnea; then P_insp shall be equal to P_inspAP.,(H (inspiratoryPhase -> (((outValveClose & ((PCVMode & (! apnea)) -> (P_insp = P_inspPCV))) & (PSVMode -> (P_insp = P_inspPSV))) & ((PCVMode & apnea) -> (P_insp = P_inspAP))))),H( inspiratoryPhase → ( ((outValveClose ∧ PCVMode ∧ ¬apnea) → (P_insp = P_inspPCV)) ∧ (PSVMode → (P_insp = P_inspPSV)) ∧ ((PCVMode ∧ apnea) → (P_insp = P_inspAP)) ) ),False
15/54,The system shall ensure that whenever PCVMode is active; each time either breathingCycleDone or patientBreathingRequest occurs; a new breathingCycleStart shall be initiated.,(H (PCVMode -> ((breathingCycleDone | patientBreathingRequest) -> breathingCycleStart))),H((PCVMode ∧ (breathingCycleDone ∨ patientBreathingRequest)) → O(breathingCycleStart)),False
16/55,At all times the system shall ensure that whenever StartUpMode or StandbyMode is active the inValveClose signal shall be true and the outValveOpen signal shall be true. This requirement applies continuously for the entire operation of the automated fuel control system in the aircraft.,(H ((StartUpMode | StandbyMode) -> (inValveClose & outValveOpen))),H(((StartUpMode ∨ StandbyMode) → (inValveClose ∧ outValveOpen))),True
17/56,The system shall always ensure that whenever StandbyMode is active; the ventilationOff signal is set; the inValveClose command is engaged; and the outValveOpen command is active. This requirement applies continuously throughout the operation of the medical ventilation device.,(H (StandbyMode -> ((ventilationOff & inValveClose) & outValveOpen))),H(StandbyMode → (ventilationOff ∧ inValveClose ∧ outValveOpen)),True
18/57,At all times the system shall ensure that whenever StartUpMode or StandbyMode is active the inValveClose signal is true and the outValveOpen signal is true. This requirement applies continuously for the entire operation of the device.,(H ((StartUpMode | StandbyMode) -> (inValveClose & outValveOpen))),H(((StartUpMode ∨ StandbyMode) → (inValveClose ∧ outValveOpen))),True
19/58,The system shall ensure that whenever PCVMode is active; the value of P_insp is always equal to P_inspPCV at all times during operation.,(H (PCVMode -> (P_insp = P_inspPCV))),H(PCVMode → (P_insp = P_inspPCV)),True
19/59,When the aircraft enters SelfTestMode after previously being outside of it the system shall ensure that during the entire period of SelfTestMode the leak test results testLeaksPass testLeaksFail or testLeaksSkip are eventually produced before SelfTestMode is exited. If SelfTestMode is active and was entered from a non‑SelfTestMode state then it shall never be the case that SelfTestMode ends without one of testLeaksPass testLeaksFail or testLeaksSkip having occurred.,((H (((! SelfTestMode) & (Y SelfTestMode)) -> (Y (! ((! ((testLeaksPass | testLeaksFail) | testLeaksSkip)) S ((! ((testLeaksPass | testLeaksFail) | testLeaksSkip)) & (SelfTestMode & (Z (! SelfTestMode))))))))) & (((! ((! SelfTestMode) & (Y SelfTestMode))) S ((! ((! SelfTestMode) & (Y SelfTestMode))) & (SelfTestMode & (Z (! SelfTestMode))))) -> (! ((! ((testLeaksPass | testLeaksFail) | testLeaksSkip)) S ((! ((testLeaksPass | testLeaksFail) | testLeaksSkip)) & (SelfTestMode & (Z (! SelfTestMode)))))))),H((SelfTestMode ∧ ¬Y(SelfTestMode)) → O((testLeaksPass ∨ testLeaksFail ∨ testLeaksSkip) S SelfTestMode)),False
19/60,Whenever the medical ventilator transitions from PSVMode and RMButton being active to inactive; the system shall ensure that in the immediately preceding cycle; if inspiratoryPhaseEnd occurred after a period when it was inactive or during a period when PSVMode and RMButton were active and then became inactive; then RM shall have been active or PSVMode and RMButton shall have been active and then become inactive. This condition shall hold continuously throughout operation so that every time the ventilator exits PSVMode with RMButton pressed; the relationship between inspiratoryPhaseEnd; RM; and the PSVMode and RMButton states is preserved exactly as specified.,((H (((! (PSVMode & RMButton)) & (Y (PSVMode & RMButton))) -> (Y (((Y (inspiratoryPhaseEnd & ((Y (! inspiratoryPhaseEnd)) | ((PSVMode & RMButton) & (Z (! (PSVMode & RMButton))))))) -> (RM | ((PSVMode & RMButton) & (Z (! (PSVMode & RMButton)))))) S (((Y (inspiratoryPhaseEnd & ((Y (! inspiratoryPhaseEnd)) | ((PSVMode & RMButton) & (Z (! (PSVMode & RMButton))))))) -> (RM | ((PSVMode & RMButton) & (Z (! (PSVMode & RMButton)))))) & ((PSVMode & RMButton) & (Z (! (PSVMode & RMButton))))))))) & (((! ((! (PSVMode & RMButton)) & (Y (PSVMode & RMButton)))) S ((! ((! (PSVMode & RMButton)) & (Y (PSVMode & RMButton)))) & ((PSVMode & RMButton) & (Z (! (PSVMode & RMButton)))))) -> (((Y (inspiratoryPhaseEnd & ((Y (! inspiratoryPhaseEnd)) | ((PSVMode & RMButton) & (Z (! (PSVMode & RMButton))))))) -> (RM | ((PSVMode & RMButton) & (Z (! (PSVMode & RMButton)))))) S (((Y (inspiratoryPhaseEnd & ((Y (! inspiratoryPhaseEnd)) | ((PSVMode & RMButton) & (Z (! (PSVMode & RMButton))))))) -> (RM | ((PSVMode & RMButton) & (Z (! (PSVMode & RMButton)))))) & ((PSVMode & RMButton) & (Z (! (PSVMode & RMButton)))))))),H(((Y(PSVMode ∧ RMButton) ∧ ¬(PSVMode ∧ RMButton)) → (Y(((O(¬inspiratoryPhaseEnd) ∧ inspiratoryPhaseEnd) ∨ ((O(PSVMode ∧ RMButton) ∧ ¬(PSVMode ∧ RMButton)) ∧ inspiratoryPhaseEnd))) → (Y(RM) ∨ ((Y(PSVMode ∧ RMButton)) ∧ ¬(PSVMode ∧ RMButton)))))),False
19/61,Whenever the aircraft control computer transitions from StartUpMode to normal operation; the system shall ensure that the most recent initialization sequence (initDone) was completed correctly and that either SelfTestMode is active or the system remains in StartUpMode until the previous StartUpMode state has been fully cleared. The requirement applies to all past operation cycles so that any time the aircraft leaves StartUpMode; it must have previously completed initialization and self-test in the proper order before normal operation continues.,((H (((! StartUpMode) & (Y StartUpMode)) -> (Y (((Y (initDone & ((Y (! initDone)) | (StartUpMode & (Z (! StartUpMode)))))) -> (SelfTestMode | (StartUpMode & (Z (! StartUpMode))))) S (((Y (initDone & ((Y (! initDone)) | (StartUpMode & (Z (! StartUpMode)))))) -> (SelfTestMode | (StartUpMode & (Z (! StartUpMode))))) & (StartUpMode & (Z (! StartUpMode)))))))) & (((! ((! StartUpMode) & (Y StartUpMode))) S ((! ((! StartUpMode) & (Y StartUpMode))) & (StartUpMode & (Z (! StartUpMode))))) -> (((Y (initDone & ((Y (! initDone)) | (StartUpMode & (Z (! StartUpMode)))))) -> (SelfTestMode | (StartUpMode & (Z (! StartUpMode))))) S (((Y (initDone & ((Y (! initDone)) | (StartUpMode & (Z (! StartUpMode)))))) -> (SelfTestMode | (StartUpMode & (Z (! StartUpMode))))) & (StartUpMode & (Z (! StartUpMode))))))),H(((Y StartUpMode ∧ ¬StartUpMode) → (O(initDone ∧ (SelfTestMode ∨ StartUpMode))))),False
19/62,Whenever the aircraft control system transitions into StartUpMode from a previous state where StartUpMode was not active the system shall verify that checkCommsSensors and checkCommsValves both report successful communication checks continuously throughout the entire startup sequence. If the system leaves StartUpMode and later reenters it the same verification shall be repeated. At no time during or after a startup sequence shall the system record a condition where checkCommsSensors or checkCommsValves indicate a communication failure while StartUpMode is active.,((H (((! StartUpMode) & (Y StartUpMode)) -> (Y (! ((! (checkCommsSensors & checkCommsValves)) S ((! (checkCommsSensors & checkCommsValves)) & (StartUpMode & (Z (! StartUpMode))))))))) & (((! ((! StartUpMode) & (Y StartUpMode))) S ((! ((! StartUpMode) & (Y StartUpMode))) & (StartUpMode & (Z (! StartUpMode))))) -> (! ((! (checkCommsSensors & checkCommsValves)) S ((! (checkCommsSensors & checkCommsValves)) & (StartUpMode & (Z (! StartUpMode)))))))),H((StartUpMode ∧ ¬Y(StartUpMode)) → H((StartUpMode) → (checkCommsSensors ∧ checkCommsValves))),False
19/63,If at any time a powerFailure occurs and it was not present in the previous moment within the last 120 seconds; then either powerFailure must never have occurred before or the system must not be off.    In engineering terms:   If a robot experiences a new powerFailure within any 120‑second window; then it must either have had no prior power failures in its history or it must remain powered on and not switch to the off state.,"(H ((O[0,120] (powerFailure & (Z (! powerFailure)))) -> ((H (! powerFailure)) | (! off))))",(H( (powerFailure ∧ ¬O(Y powerFailure)) → (¬O powerFailure ∨ ¬off) )),False
20/64,At all times; if FailSafeMode is active; then patientSafe must be true to ensure the patient remains protected whenever the system enters fail-safe operation.,(H (FailSafeMode -> patientSafe)),H(FailSafeMode → patientSafe),True
21/65,At all times; if the system is operating in StartUpMode or SelfTestMode then patientConnected must be false. This ensures that the medical device never has a patient connected while it is starting up or performing a self-test.,(H ((StartUpMode | SelfTestMode) -> (! patientConnected))),H((StartUpMode ∨ SelfTestMode) → ¬patientConnected),True
21/66,When the aircraft control computer enters SelfTestMode from a non‑test state the system shall ensure that from the moment SelfTestMode becomes active until it is exited every test phase shall produce one of the following outcomes: testPSExpPass testPSExpFail or testPSExpSkip. No period of SelfTestMode operation shall occur in which none of these outcomes are recorded. This condition shall hold consistently for every activation of SelfTestMode throughout system operation.,((H (((! SelfTestMode) & (Y SelfTestMode)) -> (Y (! ((! ((testPSExpPass | testPSExpFail) | testPSExpSkip)) S ((! ((testPSExpPass | testPSExpFail) | testPSExpSkip)) & (SelfTestMode & (Z (! SelfTestMode))))))))) & (((! ((! SelfTestMode) & (Y SelfTestMode))) S ((! ((! SelfTestMode) & (Y SelfTestMode))) & (SelfTestMode & (Z (! SelfTestMode))))) -> (! ((! ((testPSExpPass | testPSExpFail) | testPSExpSkip)) S ((! ((testPSExpPass | testPSExpFail) | testPSExpSkip)) & (SelfTestMode & (Z (! SelfTestMode)))))))),H( SelfTestMode → (testPSExpPass ∨ testPSExpFail ∨ testPSExpSkip ∨ Y(SelfTestMode S (testPSExpPass ∨ testPSExpFail ∨ testPSExpSkip))) ),False
21/67,Whenever the ventilator switches between PSVMode and PCVMode after having previously been in a state where neither PSVMode nor PCVMode was active and that inactive state had persisted before the switch the system shall have previously executed enterAlarmThresholds.   If such a transition between PSVMode and PCVMode never occurs the system shall still eventually execute enterAlarmThresholds.,((H (((((PSVMode | PCVMode) & (Z (! (PSVMode | PCVMode)))) & (Z (H (! (PSVMode | PCVMode))))) & (Y TRUE)) -> (Y (O enterAlarmThresholds)))) & ((H (! (((PSVMode | PCVMode) & (Z (! (PSVMode | PCVMode)))) & (Z (H (! (PSVMode | PCVMode))))))) -> (O enterAlarmThresholds))),H(((PSVMode S (¬PSVMode ∧ ¬PCVMode)) ∨ (PCVMode S (¬PSVMode ∧ ¬PCVMode))) → O(enterAlarmThresholds)) ∧ O(enterAlarmThresholds),False
21/68,Whenever the aircraft automation system transitions into StartUpMode from a previous state where StartUpMode was inactive the system shall ensure that the sequence of initialization steps initStart checkCommsSensors checkCommsValves and checkCommsGUI has been fully completed before StartUpMode becomes active again. At no point during operation shall the system enter or remain in StartUpMode if these communication and initialization checks have not been successfully performed.,((H (((! StartUpMode) & (Y StartUpMode)) -> (Y (! ((! (((initStart & checkCommsSensors) & checkCommsValves) & checkCommsGUI)) S ((! (((initStart & checkCommsSensors) & checkCommsValves) & checkCommsGUI)) & (StartUpMode & (Z (! StartUpMode))))))))) & (((! ((! StartUpMode) & (Y StartUpMode))) S ((! ((! StartUpMode) & (Y StartUpMode))) & (StartUpMode & (Z (! StartUpMode))))) -> (! ((! (((initStart & checkCommsSensors) & checkCommsValves) & checkCommsGUI)) S ((! (((initStart & checkCommsSensors) & checkCommsValves) & checkCommsGUI)) & (StartUpMode & (Z (! StartUpMode)))))))),(StartUpMode → O((initStart ∧ O(checkCommsSensors ∧ O(checkCommsValves ∧ O(checkCommsGUI)))))),False
21/69,When the ventilator transitions into PCVMode with RMButton active; the system shall ensure that during and after each inspiratoryPhaseEnd event; either RM is active or the condition (PCVMode and RMButton) remains true until the system exits PCVMode with RMButton released. This behavior shall hold consistently throughout operation so that any time the ventilator enters PCVMode with RMButton pressed; the relationship between inspiratoryPhaseEnd; RM; and the PCVMode with RMButton state is maintained according to this rule.,((H (((! (PCVMode & RMButton)) & (Y (PCVMode & RMButton))) -> (Y (((Y (inspiratoryPhaseEnd & ((Y (! inspiratoryPhaseEnd)) | ((PCVMode & RMButton) & (Z (! (PCVMode & RMButton))))))) -> (RM | ((PCVMode & RMButton) & (Z (! (PCVMode & RMButton)))))) S (((Y (inspiratoryPhaseEnd & ((Y (! inspiratoryPhaseEnd)) | ((PCVMode & RMButton) & (Z (! (PCVMode & RMButton))))))) -> (RM | ((PCVMode & RMButton) & (Z (! (PCVMode & RMButton)))))) & ((PCVMode & RMButton) & (Z (! (PCVMode & RMButton))))))))) & (((! ((! (PCVMode & RMButton)) & (Y (PCVMode & RMButton)))) S ((! ((! (PCVMode & RMButton)) & (Y (PCVMode & RMButton)))) & ((PCVMode & RMButton) & (Z (! (PCVMode & RMButton)))))) -> (((Y (inspiratoryPhaseEnd & ((Y (! inspiratoryPhaseEnd)) | ((PCVMode & RMButton) & (Z (! (PCVMode & RMButton))))))) -> (RM | ((PCVMode & RMButton) & (Z (! (PCVMode & RMButton)))))) S (((Y (inspiratoryPhaseEnd & ((Y (! inspiratoryPhaseEnd)) | ((PCVMode & RMButton) & (Z (! (PCVMode & RMButton))))))) -> (RM | ((PCVMode & RMButton) & (Z (! (PCVMode & RMButton)))))) & ((PCVMode & RMButton) & (Z (! (PCVMode & RMButton)))))))),H(((PCVMode ∧ RMButton) S (inspiratoryPhaseEnd ∧ ¬(RM ∨ (PCVMode ∧ RMButton))))),False
21/70,When the ventilator switches from PSVMode to another mode the system shall ensure that the transition occurs only after the previous breathing cycle has been properly completed. Specifically if PSVMode was active in the previous step and is now inactive then the system shall verify that the last BreathingCycleStart event was followed by an inspiratoryPhaseStart or by a valid mode transition where PSVMode was active and the previous state was not PSVMode. This condition shall hold consistently throughout operation so that no breathing cycle is interrupted or left incomplete during or immediately after a mode change.,((H (((! PSVMode) & (Y PSVMode)) -> (Y (((Y (BreathingCycleStart & ((Y (! BreathingCycleStart)) | (PSVMode & (Z (! PSVMode)))))) -> (inspiratoryPhaseStart | (PSVMode & (Z (! PSVMode))))) S (((Y (BreathingCycleStart & ((Y (! BreathingCycleStart)) | (PSVMode & (Z (! PSVMode)))))) -> (inspiratoryPhaseStart | (PSVMode & (Z (! PSVMode))))) & (PSVMode & (Z (! PSVMode)))))))) & (((! ((! PSVMode) & (Y PSVMode))) S ((! ((! PSVMode) & (Y PSVMode))) & (PSVMode & (Z (! PSVMode))))) -> (((Y (BreathingCycleStart & ((Y (! BreathingCycleStart)) | (PSVMode & (Z (! PSVMode)))))) -> (inspiratoryPhaseStart | (PSVMode & (Z (! PSVMode))))) S (((Y (BreathingCycleStart & ((Y (! BreathingCycleStart)) | (PSVMode & (Z (! PSVMode)))))) -> (inspiratoryPhaseStart | (PSVMode & (Z (! PSVMode))))) & (PSVMode & (Z (! PSVMode))))))),H(((Y(PSVMode) ∧ ¬PSVMode) → O((BreathingCycleStart S (inspiratoryPhaseStart ∨ (PSVMode ∧ ¬Y(PSVMode))))))),False
21/71,When the ventilator switches from a non‑ventilation state into either PCVMode or PSVMode the system shall ensure that the expiratoryPauseButton has not been pressed during the transition and that no expiratoryPause is active unless the button is intentionally pressed. The device shall maintain this condition throughout the period in which PCVMode or PSVMode remains active and shall only allow an expiratoryPause to occur if the operator explicitly presses the expiratoryPauseButton after the mode change.,((H (((! (PCVMode | PSVMode)) & (Y (PCVMode | PSVMode))) -> (Y (((! expiratoryPauseButton) S ((! expiratoryPauseButton) & ((PCVMode | PSVMode) & (Z (! (PCVMode | PSVMode)))))) | (! ((! (expiratoryPause | (! expiratoryPauseButton))) S ((! (expiratoryPause | (! expiratoryPauseButton))) & (expiratoryPauseButton & ((Y (! expiratoryPauseButton)) | ((PCVMode | PSVMode) & (Z (! (PCVMode | PSVMode))))))))))))) & (((! ((! (PCVMode | PSVMode)) & (Y (PCVMode | PSVMode)))) S ((! ((! (PCVMode | PSVMode)) & (Y (PCVMode | PSVMode)))) & ((PCVMode | PSVMode) & (Z (! (PCVMode | PSVMode)))))) -> (((! expiratoryPauseButton) S ((! expiratoryPauseButton) & ((PCVMode | PSVMode) & (Z (! (PCVMode | PSVMode)))))) | (! ((! (expiratoryPause | (! expiratoryPauseButton))) S ((! (expiratoryPause | (! expiratoryPauseButton))) & (expiratoryPauseButton & ((Y (! expiratoryPauseButton)) | ((PCVMode | PSVMode) & (Z (! (PCVMode | PSVMode)))))))))))),H(((PCVMode ∨ PSVMode) ∧ ¬Y(PCVMode ∨ PSVMode)) → (¬expiratoryPauseButton ∧ ¬expiratoryPause S ¬expiratoryPauseButton)),False
22/72,The system shall ensure that at all times the robot remains in one of the following modes: StartUpMode; SelfTestMode; StandbyMode; PCVMode; PSVMode; or FailSafeMode.,(H (((((StartUpMode | SelfTestMode) | StandbyMode) | PCVMode) | PSVMode) | FailSafeMode)),H (StartUpMode ∨ SelfTestMode ∨ StandbyMode ∨ PCVMode ∨ PSVMode ∨ FailSafeMode),True
22/73,When the ventilator is operating in either PCVMode or PSVMode and the RMButton is active while the inspiratoryPauseButton is not pressed the system shall ensure that after the end of the inspiratoryPhaseEnd the RM function or the same combination of PCVMode or PSVMode with RMButton active and inspiratoryPauseButton not pressed remains valid until the condition changes. The system shall maintain this behavior consistently whenever the RMButton is used in PCVMode or PSVMode without an inspiratoryPauseButton activation ensuring that the RM or equivalent mode combination is continuously valid following each inspiratoryPhaseEnd event.,((H (((! (((PCVMode | PSVMode) & RMButton) & (! inspiratoryPauseButton))) & (Y (((PCVMode | PSVMode) & RMButton) & (! inspiratoryPauseButton)))) -> (Y (((Y (inspiratoryPhaseEnd & ((Y (! inspiratoryPhaseEnd)) | ((((PCVMode | PSVMode) & RMButton) & (! inspiratoryPauseButton)) & (Z (! (((PCVMode | PSVMode) & RMButton) & (! inspiratoryPauseButton)))))))) -> (RM | ((((PCVMode | PSVMode) & RMButton) & (! inspiratoryPauseButton)) & (Z (! (((PCVMode | PSVMode) & RMButton) & (! inspiratoryPauseButton))))))) S (((Y (inspiratoryPhaseEnd & ((Y (! inspiratoryPhaseEnd)) | ((((PCVMode | PSVMode) & RMButton) & (! inspiratoryPauseButton)) & (Z (! (((PCVMode | PSVMode) & RMButton) & (! inspiratoryPauseButton)))))))) -> (RM | ((((PCVMode | PSVMode) & RMButton) & (! inspiratoryPauseButton)) & (Z (! (((PCVMode | PSVMode) & RMButton) & (! inspiratoryPauseButton))))))) & ((((PCVMode | PSVMode) & RMButton) & (! inspiratoryPauseButton)) & (Z (! (((PCVMode | PSVMode) & RMButton) & (! inspiratoryPauseButton)))))))))) & (((! ((! (((PCVMode | PSVMode) & RMButton) & (! inspiratoryPauseButton))) & (Y (((PCVMode | PSVMode) & RMButton) & (! inspiratoryPauseButton))))) S ((! ((! (((PCVMode | PSVMode) & RMButton) & (! inspiratoryPauseButton))) & (Y (((PCVMode | PSVMode) & RMButton) & (! inspiratoryPauseButton))))) & ((((PCVMode | PSVMode) & RMButton) & (! inspiratoryPauseButton)) & (Z (! (((PCVMode | PSVMode) & RMButton) & (! inspiratoryPauseButton))))))) -> (((Y (inspiratoryPhaseEnd & ((Y (! inspiratoryPhaseEnd)) | ((((PCVMode | PSVMode) & RMButton) & (! inspiratoryPauseButton)) & (Z (! (((PCVMode | PSVMode) & RMButton) & (! inspiratoryPauseButton)))))))) -> (RM | ((((PCVMode | PSVMode) & RMButton) & (! inspiratoryPauseButton)) & (Z (! (((PCVMode | PSVMode) & RMButton) & (! inspiratoryPauseButton))))))) S (((Y (inspiratoryPhaseEnd & ((Y (! inspiratoryPhaseEnd)) | ((((PCVMode | PSVMode) & RMButton) & (! inspiratoryPauseButton)) & (Z (! (((PCVMode | PSVMode) & RMButton) & (! inspiratoryPauseButton)))))))) -> (RM | ((((PCVMode | PSVMode) & RMButton) & (! inspiratoryPauseButton)) & (Z (! (((PCVMode | PSVMode) & RMButton) & (! inspiratoryPauseButton))))))) & ((((PCVMode | PSVMode) & RMButton) & (! inspiratoryPauseButton)) & (Z (! (((PCVMode | PSVMode) & RMButton) & (! inspiratoryPauseButton))))))))),H(((PCVMode ∨ PSVMode) ∧ RMButton ∧ ¬inspiratoryPauseButton ∧ inspiratoryPhaseEnd) → ((RM ∨ ((PCVMode ∨ PSVMode) ∧ RMButton ∧ ¬inspiratoryPauseButton)) S inspiratoryPhaseEnd)),False
22/74,The system shall ensure that StartUpDone remains false at all times before the first occurrence of either newPatient or resumeVentilation; and once StartUpDone becomes true; it shall not revert to false until a newPatient or resumeVentilation event occurs.,((H (! StartUpDone)) | (! ((! (newPatient | resumeVentilation)) S ((! (newPatient | resumeVentilation)) & (StartUpDone & (Z (! StartUpDone))))))),(H(¬StartUpDone) S (newPatient ∨ resumeVentilation)) ∧ H((StartUpDone ∧ Y(¬StartUpDone)) → (newPatient ∨ resumeVentilation)),False
22/75,The system shall ensure that StartUpDone has never been true in the past; or that it is not the case that the ventilator remained continuously in a state where neither newPatient nor resumeVentilation occurred since the last time StartUpDone became true immediately after previously being false.    In other words; the medical ventilator must not stay indefinitely in a condition where no new patient is connected and ventilation is not resumed after startup has completed.,((H (! StartUpDone)) | (! ((! (newPatient | resumeVentilation)) S ((! (newPatient | resumeVentilation)) & (StartUpDone & (Z (! StartUpDone))))))),(H ¬StartUpDone) ∨ ¬(H((¬newPatient ∧ ¬resumeVentilation) S (Y(¬StartUpDone) ∧ StartUpDone))),False
22/76,If apnea has just started after previously not being present then the ventilator shall ensure that the control parameters are set to their apnea backup values. Specifically when apnea is detected the system shall operate in PCVMode with RR equal to RR_AP P_insp equal to P_inspAP and ItoE equal to ItoE_AP. This requirement applies unless there is no prior operational history available.,(H ((Y (apnea & (Z (! apnea)))) -> ((((PCVMode & (RR = RR_AP)) & (P_insp = P_inspAP)) & (ItoE = ItoE_AP)) | (! (Y TRUE))))),(apnea ∧ Y(¬apnea) ∧ O(Y(apnea))) → (PCVMode ∧ (RR = RR_AP) ∧ (P_insp = P_inspAP) ∧ (ItoE = ItoE_AP)),False
23/77,The system shall ensure that whenever it is in StartUpMode or StandbyMode; the inValveClose signal remains active and the outValveOpen signal remains active at all times during operation.,(H ((StartUpMode | StandbyMode) -> (inValveClose & outValveOpen))),H(((StartUpMode ∨ StandbyMode) → (inValveClose ∧ outValveOpen))),True
23/78,When the aircraft control system enters SelfTestMode the system shall ensure that the oxygen sensor test sequence is executed completely before SelfTestMode is exited. The oxygen sensor test sequence consists of one of the following outcomes: testOxygenSensorPass testOxygenSensorFail or testOxygenSensorSkip. At no time shall the system leave SelfTestMode without one of these test results being recorded. If SelfTestMode is not active the requirement does not apply.,((H (((! SelfTestMode) & (Y SelfTestMode)) -> (Y (! ((! ((testOxygenSensorPass | testOxygenSensorFail) | testOxygenSensorSkip)) S ((! ((testOxygenSensorPass | testOxygenSensorFail) | testOxygenSensorSkip)) & (SelfTestMode & (Z (! SelfTestMode))))))))) & (((! ((! SelfTestMode) & (Y SelfTestMode))) S ((! ((! SelfTestMode) & (Y SelfTestMode))) & (SelfTestMode & (Z (! SelfTestMode))))) -> (! ((! ((testOxygenSensorPass | testOxygenSensorFail) | testOxygenSensorSkip)) S ((! ((testOxygenSensorPass | testOxygenSensorFail) | testOxygenSensorSkip)) & (SelfTestMode & (Z (! SelfTestMode)))))))),H( (Y SelfTestMode ∧ ¬SelfTestMode) → O( (testOxygenSensorPass ∨ testOxygenSensorFail ∨ testOxygenSensorSkip) ∧ SelfTestMode ) ),False
24/79,The system shall ensure that whenever it is in StartUpMode or StandbyMode; the inValveClose signal remains active and the outValveOpen signal remains active at all times during operation.,(H ((StartUpMode | StandbyMode) -> (inValveClose & outValveOpen))),H((StartUpMode ∨ StandbyMode) → (inValveClose ∧ outValveOpen)),True
24/80,At all times the system shall ensure that if enableLeakCompensation is active then leakCompensation is also active otherwise leakCompensation shall remain inactive. This requirement guarantees that leak compensation only operates when it has been explicitly enabled in the medical device.,(H ((enableLeakCompensation -> leakCompensation) | (! leakCompensation))),H((enableLeakCompensation → leakCompensation) ∧ (¬enableLeakCompensation → ¬leakCompensation)),False
25/81,Whenever the system is operating in PCVMode the ventilator shall ensure that the breathingCycleTime is equal to one divided by RR_PCV and that the ExpiratoryTime is equal to the breathingCycleTime divided by one plus ItoE_PCV.,(H (PCVMode -> ((breathingCycleTime = (1 / RR_PCV)) & (ExpiratoryTime = (breathingCycleTime / (1 + ItoE_PCV)))))),H(PCVMode → (breathingCycleTime = 1/RR_PCV ∧ ExpiratoryTime = breathingCycleTime/(1 + ItoE_PCV))),True
26/82,At all times; if FailSafeMode is active; then the system shall ensure that inValveClose is engaged and outValveOpen is engaged. This requirement applies continuously to guarantee safe operation of the automated fluid control system in the aircraft.,(H (FailSafeMode -> (inValveClose & outValveOpen))),H(FailSafeMode → (inValveClose ∧ outValveOpen)),True
26/83,Whenever the aircraft control computer transitions into SelfTestMode from a previous state where SelfTestMode was not active the system shall ensure that if a previous occurrence of SelfTestMode followed by a return to a non SelfTestMode state has been detected then OutOfServiceWarning and FailSafeMode shall both be activated and maintained until the current SelfTestMode sequence completes. This behavior shall hold consistently throughout system operation so that any reentry into SelfTestMode after having exited it always results in OutOfServiceWarning and FailSafeMode being engaged for the duration of that test cycle.,((H (((! SelfTestMode) & (Y SelfTestMode)) -> (Y (((Y (SelfTestMode & (Z (! SelfTestMode)))) -> (OutOfServiceWarning & FailSafeMode)) S (((Y (SelfTestMode & (Z (! SelfTestMode)))) -> (OutOfServiceWarning & FailSafeMode)) & (SelfTestMode & (Z (! SelfTestMode)))))))) & (((! ((! SelfTestMode) & (Y SelfTestMode))) S ((! ((! SelfTestMode) & (Y SelfTestMode))) & (SelfTestMode & (Z (! SelfTestMode))))) -> (((Y (SelfTestMode & (Z (! SelfTestMode)))) -> (OutOfServiceWarning & FailSafeMode)) S (((Y (SelfTestMode & (Z (! SelfTestMode)))) -> (OutOfServiceWarning & FailSafeMode)) & (SelfTestMode & (Z (! SelfTestMode))))))),H(((SelfTestMode ∧ Y(¬SelfTestMode)) → (((O((SelfTestMode ∧ O(¬SelfTestMode))) ) → (OutOfServiceWarning ∧ FailSafeMode)) S SelfTestMode))),False
26/84,At all times the system shall ensure that if enableLeakCompensation is active then leakCompensation is also active otherwise leakCompensation shall remain inactive. This requirement applies continuously during operation of the medical device.,(H ((enableLeakCompensation -> leakCompensation) | (! leakCompensation))),H((enableLeakCompensation → leakCompensation) ∧ (¬enableLeakCompensation → ¬leakCompensation)),False
27/85,The system shall ensure that throughout its entire operation; the conditions logParams; saveLog; and loadLog are always active together. For example; the aircraft’s data management unit must continuously maintain parameter logging; saving; and loading functions at all times during flight.,(H ((logParams & saveLog) & loadLog)),H (logParams ∧ saveLog ∧ loadLog),True
27/86,At all times the system shall ensure that if enableLeakCompensation is active then leakCompensation is also active otherwise leakCompensation shall remain inactive. This requirement applies continuously during operation of the medical device.,(H ((enableLeakCompensation -> leakCompensation) | (! leakCompensation))),H((enableLeakCompensation → leakCompensation) ∧ (¬enableLeakCompensation → ¬leakCompensation)),False
27/87,The ventilator control software shall ensure that whenever PCVMode is active; the start of a new breathingCycleStart always follows immediately after either breathingCycleDone or patientBreathingRequest.,(H (PCVMode -> ((breathingCycleDone | patientBreathingRequest) -> breathingCycleStart))),H(PCVMode → ((Y(breathingCycleDone) ∨ Y(patientBreathingRequest)) → breathingCycleStart)),False
27/88,Whenever the aircraft control computer exits SelfTestMode after previously being in SelfTestMode the system shall ensure that before entering StandbyMode either selfTestPassed or GUIResumeRequest has been true at least once since the last time SelfTestMode was active. If neither selfTestPassed nor GUIResumeRequest has occurred since the last SelfTestMode period the system shall remain in SelfTestMode until one of them becomes true and only then may it transition to StandbyMode. This behavior shall hold consistently throughout operation so that every transition out of SelfTestMode follows this rule.,((H (((! SelfTestMode) & (Y SelfTestMode)) -> (Y (((Y ((selfTestPassed | GUIResumeRequest) & ((Y (! (selfTestPassed | GUIResumeRequest))) | (SelfTestMode & (Z (! SelfTestMode)))))) -> (StandbyMode | (SelfTestMode & (Z (! SelfTestMode))))) S (((Y ((selfTestPassed | GUIResumeRequest) & ((Y (! (selfTestPassed | GUIResumeRequest))) | (SelfTestMode & (Z (! SelfTestMode)))))) -> (StandbyMode | (SelfTestMode & (Z (! SelfTestMode))))) & (SelfTestMode & (Z (! SelfTestMode)))))))) & (((! ((! SelfTestMode) & (Y SelfTestMode))) S ((! ((! SelfTestMode) & (Y SelfTestMode))) & (SelfTestMode & (Z (! SelfTestMode))))) -> (((Y ((selfTestPassed | GUIResumeRequest) & ((Y (! (selfTestPassed | GUIResumeRequest))) | (SelfTestMode & (Z (! SelfTestMode)))))) -> (StandbyMode | (SelfTestMode & (Z (! SelfTestMode))))) S (((Y ((selfTestPassed | GUIResumeRequest) & ((Y (! (selfTestPassed | GUIResumeRequest))) | (SelfTestMode & (Z (! SelfTestMode)))))) -> (StandbyMode | (SelfTestMode & (Z (! SelfTestMode))))) & (SelfTestMode & (Z (! SelfTestMode))))))),H((Y(SelfTestMode) & ¬SelfTestMode) → ((O(SelfTestMode) S (selfTestPassed ∨ GUIResumeRequest)) U StandbyMode)),False
27/89,Requirement:   Whenever the aircraft control computer exits SelfTestMode after having been in SelfTestMode in the previous cycle; it shall ensure that during the entire period of SelfTestMode operation; the system recorded either selfTestPassed or selfTestFailed before leaving that mode. Furthermore; once SelfTestMode has been entered and later exited; the same condition shall continue to hold for all subsequent operation periods; guaranteeing that every completed SelfTestMode session always results in a recorded selfTestPassed or selfTestFailed outcome.,((H (((! SelfTestMode) & (Y SelfTestMode)) -> (Y (! ((! (selfTestPassed | selfTestFailed)) S ((! (selfTestPassed | selfTestFailed)) & (SelfTestMode & (Z (! SelfTestMode))))))))) & (((! ((! SelfTestMode) & (Y SelfTestMode))) S ((! ((! SelfTestMode) & (Y SelfTestMode))) & (SelfTestMode & (Z (! SelfTestMode))))) -> (! ((! (selfTestPassed | selfTestFailed)) S ((! (selfTestPassed | selfTestFailed)) & (SelfTestMode & (Z (! SelfTestMode)))))))),H((Y SelfTestMode ∧ ¬SelfTestMode) → O((SelfTestMode S (selfTestPassed ∨ selfTestFailed)))),False
28/90,At all times in the past the value of GBPS shall have been less than or equal to 5.2. This means the system must ensure that GBPS has never exceeded 5.2 during any previous operation of the robot.,(H (GBPS <= 5.2)),H(GBPS ≤ 5.2),True
28/91,Whenever the aircraft control computer transitions into SelfTestMode from a previous state where SelfTestMode was not active the system shall ensure that if a previous instance of SelfTestMode followed by a return to normal operation has occurred then OutOfServiceWarning and FailSafeMode shall both be activated. This behavior shall be maintained consistently throughout operation so that any time the system reenters SelfTestMode after having been inactive the same safety response of OutOfServiceWarning and FailSafeMode is guaranteed.,((H (((! SelfTestMode) & (Y SelfTestMode)) -> (Y (((Y (SelfTestMode & (Z (! SelfTestMode)))) -> (OutOfServiceWarning & FailSafeMode)) S (((Y (SelfTestMode & (Z (! SelfTestMode)))) -> (OutOfServiceWarning & FailSafeMode)) & (SelfTestMode & (Z (! SelfTestMode)))))))) & (((! ((! SelfTestMode) & (Y SelfTestMode))) S ((! ((! SelfTestMode) & (Y SelfTestMode))) & (SelfTestMode & (Z (! SelfTestMode))))) -> (((Y (SelfTestMode & (Z (! SelfTestMode)))) -> (OutOfServiceWarning & FailSafeMode)) S (((Y (SelfTestMode & (Z (! SelfTestMode)))) -> (OutOfServiceWarning & FailSafeMode)) & (SelfTestMode & (Z (! SelfTestMode))))))),H(((SelfTestMode ∧ Y(¬SelfTestMode)) ∧ O((Y(SelfTestMode) ∧ ¬SelfTestMode))) → (OutOfServiceWarning ∧ FailSafeMode)),False
28/92,Whenever the aircraft control computer exits SelfTestMode after previously being in SelfTestMode the system shall ensure that before entering StandbyMode either selfTestPassed or GUIResumeRequest has been true at least once since the last time SelfTestMode was active. If neither selfTestPassed nor GUIResumeRequest has occurred since the last SelfTestMode period the system shall remain in SelfTestMode until one of these conditions becomes true and only then transition to StandbyMode. This behavior shall hold consistently for every occurrence of SelfTestMode throughout system operation.,((H (((! SelfTestMode) & (Y SelfTestMode)) -> (Y (((Y ((selfTestPassed | GUIResumeRequest) & ((Y (! (selfTestPassed | GUIResumeRequest))) | (SelfTestMode & (Z (! SelfTestMode)))))) -> (StandbyMode | (SelfTestMode & (Z (! SelfTestMode))))) S (((Y ((selfTestPassed | GUIResumeRequest) & ((Y (! (selfTestPassed | GUIResumeRequest))) | (SelfTestMode & (Z (! SelfTestMode)))))) -> (StandbyMode | (SelfTestMode & (Z (! SelfTestMode))))) & (SelfTestMode & (Z (! SelfTestMode)))))))) & (((! ((! SelfTestMode) & (Y SelfTestMode))) S ((! ((! SelfTestMode) & (Y SelfTestMode))) & (SelfTestMode & (Z (! SelfTestMode))))) -> (((Y ((selfTestPassed | GUIResumeRequest) & ((Y (! (selfTestPassed | GUIResumeRequest))) | (SelfTestMode & (Z (! SelfTestMode)))))) -> (StandbyMode | (SelfTestMode & (Z (! SelfTestMode))))) S (((Y ((selfTestPassed | GUIResumeRequest) & ((Y (! (selfTestPassed | GUIResumeRequest))) | (SelfTestMode & (Z (! SelfTestMode)))))) -> (StandbyMode | (SelfTestMode & (Z (! SelfTestMode))))) & (SelfTestMode & (Z (! SelfTestMode))))))),H((Y(SelfTestMode) & ¬SelfTestMode) → ((O(SelfTestMode) S (selfTestPassed ∨ GUIResumeRequest)) ∨ SelfTestMode)),False
28/93,The system shall ensure that whenever PCVMode is active; each time a breathingCycleDone event occurs or a patientBreathingRequest is detected; a breathingCycleStart shall follow. This condition shall hold continuously throughout the operation of the medical ventilator.,(H (PCVMode -> ((breathingCycleDone | patientBreathingRequest) -> breathingCycleStart))),H((PCVMode) → ((O(breathingCycleDone ∨ patientBreathingRequest)) → O(breathingCycleStart))),False
29/94,The system shall ensure that whenever it is in StartUpMode or StandbyMode; the inValveClose signal remains active and the outValveOpen signal remains active at all times.,(H ((StartUpMode | StandbyMode) -> (inValveClose & outValveOpen))),H((StartUpMode ∨ StandbyMode) → (inValveClose ∧ outValveOpen)),True
30/95,The ventilator shall ensure that whenever inspiratoryPhase is active; the following conditions hold at all times: the outValveClose signal is true; and if PCVMode is active and apnea is not present; then P_insp shall equal P_inspPCV. If PSVMode is active; then P_insp shall equal P_inspPSV. If PCVMode is active and apnea is present; then P_insp shall equal P_inspAP.,(H (inspiratoryPhase -> (((outValveClose & ((PCVMode & (! apnea)) -> (P_insp = P_inspPCV))) & (PSVMode -> (P_insp = P_inspPSV))) & ((PCVMode & apnea) -> (P_insp = P_inspAP))))),H( inspiratoryPhase → ( outValveClose ∧ ( (PCVMode ∧ ¬apnea) → (P_insp = P_inspPCV) ) ∧ ( PSVMode → (P_insp = P_inspPSV) ) ∧ ( (PCVMode ∧ apnea) → (P_insp = P_inspAP) ) ) ),True
31/96,Whenever the system is operating in PCVMode the ventilator shall ensure that the breathingCycleTime equals one divided by RR_PCV and that ExpiratoryTime equals breathingCycleTime divided by one plus ItoE_PCV.,(H (PCVMode -> ((breathingCycleTime = (1 / RR_PCV)) & (ExpiratoryTime = (breathingCycleTime / (1 + ItoE_PCV)))))),H(PCVMode → (breathingCycleTime = 1/RR_PCV ∧ ExpiratoryTime = breathingCycleTime/(1 + ItoE_PCV))),True
32/97,The system shall ensure that whenever StartUpMode is active; it is never the case that powerOff becomes true while powerButton is false; and this condition shall hold continuously for the entire operation.,(H ((H (! (powerOff & (! powerButton)))) | (! StartUpMode))),H(StartUpMode → ¬(powerOff ∧ ¬powerButton)),True
32/98,When the ventilator switches from PCVMode to another mode the system shall ensure that the transition occurs only after the current breathing cycle has been properly completed. Specifically if PCVMode was active in the previous step and is now inactive then the previous breathing cycle that began with BreathingCycleStart shall have reached inspiratoryPhaseStart or the system shall have confirmed that PCVMode was active and has just been exited. This requirement ensures that the ventilator does not leave PCVMode in the middle of a breathing cycle and that inspiratoryPhaseStart is correctly aligned with the end of PCVMode operation.,((H (((! PCVMode) & (Y PCVMode)) -> (Y (((Y (BreathingCycleStart & ((Y (! BreathingCycleStart)) | (PCVMode & (Z (! PCVMode)))))) -> (inspiratoryPhaseStart | (PCVMode & (Z (! PCVMode))))) S (((Y (BreathingCycleStart & ((Y (! BreathingCycleStart)) | (PCVMode & (Z (! PCVMode)))))) -> (inspiratoryPhaseStart | (PCVMode & (Z (! PCVMode))))) & (PCVMode & (Z (! PCVMode)))))))) & (((! ((! PCVMode) & (Y PCVMode))) S ((! ((! PCVMode) & (Y PCVMode))) & (PCVMode & (Z (! PCVMode))))) -> (((Y (BreathingCycleStart & ((Y (! BreathingCycleStart)) | (PCVMode & (Z (! PCVMode)))))) -> (inspiratoryPhaseStart | (PCVMode & (Z (! PCVMode))))) S (((Y (BreathingCycleStart & ((Y (! BreathingCycleStart)) | (PCVMode & (Z (! PCVMode)))))) -> (inspiratoryPhaseStart | (PCVMode & (Z (! PCVMode))))) & (PCVMode & (Z (! PCVMode))))))),((Y(PCVMode) ∧ ¬PCVMode) → (O(BreathingCycleStart ∧ (O(inspiratoryPhaseStart) ∨ Y(PCVMode))))),False
33/99,The system shall ensure that whenever RM is active; the outValveClose signal is engaged and the inValveOpen signal is engaged at all times during operation.,(H (RM -> (outValveClose & inValveOpen))),H ( RM → ( outValveClose ∧ inValveOpen ) ),True
34/100,The system shall ensure that whenever PCVMode is active; the value of P_insp is always equal to P_inspPCV at all times.,(H (PCVMode -> (P_insp = P_inspPCV))),H(PCVMode → (P_insp = P_inspPCV)),True
